2025.11.23 18:34:20 INFO  Started: Metals version 1.6.3 in folders '/Users/egor/airline-fork' for client Visual Studio Code 1.106.2.
2025.11.23 18:34:20 WARN  Using H2 2.4.240 which is newer than the version Flyway has been verified with. The latest verified version of H2 is 2.3.232.
2025.11.23 18:34:20 INFO  no build target found for /Users/egor/airline-fork/airline-web/app/controllers/AirlineApplication.scala. Using presentation compiler with project's scala-library version: 3.3.6
2025.11.23 18:34:22 INFO  no build target found for /Users/egor/airline-fork/airline-web/app/controllers/AirlineApplication.scala. Using presentation compiler with project's scala-library version: 3.3.6
2025.11.23 18:34:23 INFO  no build target found for /Users/egor/airline-fork/airline-web/app/controllers/AirlineApplication.scala. Using presentation compiler with project's scala-library version: 3.3.6
2025.11.23 18:34:23 WARN  no build target for: /Users/egor/airline-fork/airline-web/app/controllers/AirlineApplication.scala
2025.11.23 18:34:23 INFO  no build target found for /Users/egor/airline-fork/airline-web/app/controllers/AirlineApplication.scala. Using presentation compiler with project's scala-library version: 3.3.6
2025.11.23 18:34:23 INFO  no build target found for /Users/egor/airline-fork/airline-web/app/controllers/AirlineApplication.scala. Using presentation compiler with project's scala-library version: 3.3.6
2025.11.23 18:34:25 INFO  no build target found for /Users/egor/airline-fork/airline-web/app/controllers/AirlineApplication.scala. Using presentation compiler with project's scala-library version: 3.3.6
2025.11.23 18:34:27 INFO  no build target found for /Users/egor/airline-fork/airline-web/app/controllers/AirlineApplication.scala. Using presentation compiler with project's scala-library version: 3.3.6
2025.11.23 18:34:28 INFO  no build target found for /Users/egor/airline-fork/airline-web/app/controllers/AirlineApplication.scala. Using presentation compiler with project's scala-library version: 3.3.6
2025.11.23 18:34:28 INFO  no build target found for /Users/egor/airline-fork/airline-web/app/controllers/AirlineApplication.scala. Using presentation compiler with project's scala-library version: 3.3.6
2025.11.23 18:34:30 INFO  no build target found for /Users/egor/airline-fork/airline-web/app/controllers/AirlineApplication.scala. Using presentation compiler with project's scala-library version: 3.3.6
2025.11.23 18:34:30 INFO  Created report: Optional[file:///Users/egor/airline-fork/airline-web/app/controllers/AirlineApplication.scala]
2025.11.23 18:34:30 INFO  empty definition using pc, found symbol in pc: `<none>`. (full report at: "/Users/egor/airline-fork/.metals/.reports/metals-full/2025-11-23/r_empty-definition_18-34-30-505.md")
2025.11.23 18:34:35 INFO  no build target found for /Users/egor/airline-fork/airline-web/app/controllers/AirlineApplication.scala. Using presentation compiler with project's scala-library version: 3.3.6
2025.11.23 18:34:38 INFO  no build target found for /Users/egor/airline-fork/airline-web/app/controllers/AirlineApplication.scala. Using presentation compiler with project's scala-library version: 3.3.6
2025.11.23 18:34:38 INFO  no build target found for /Users/egor/airline-fork/airline-web/app/controllers/AirlineApplication.scala. Using presentation compiler with project's scala-library version: 3.3.6
2025.11.23 18:34:40 INFO  no build target found for /Users/egor/airline-fork/airline-web/app/controllers/AirlineApplication.scala. Using presentation compiler with project's scala-library version: 3.3.6
2025.11.23 18:34:40 INFO  no build target found for /Users/egor/airline-fork/airline-web/app/controllers/AirlineApplication.scala. Using presentation compiler with project's scala-library version: 3.3.6
2025.11.23 18:34:40 INFO  no build target found for /Users/egor/airline-fork/airline-web/app/controllers/AirlineApplication.scala. Using presentation compiler with project's scala-library version: 3.3.6
2025.11.23 18:34:49 INFO  no build target found for /Users/egor/airline-fork/airline-web/app/controllers/AirlineApplication.scala. Using presentation compiler with project's scala-library version: 3.3.6
2025.11.23 18:34:49 INFO  no build target found for /Users/egor/airline-fork/airline-web/app/controllers/AirlineApplication.scala. Using presentation compiler with project's scala-library version: 3.3.6
2025.11.23 18:34:51 INFO  no build target found for /Users/egor/airline-fork/airline-web/app/controllers/AirlineApplication.scala. Using presentation compiler with project's scala-library version: 3.3.6
2025.11.23 18:34:51 INFO  no build target found for /Users/egor/airline-fork/airline-web/app/controllers/AirlineApplication.scala. Using presentation compiler with project's scala-library version: 3.3.6
2025.11.23 18:34:53 INFO  no build target found for /Users/egor/airline-fork/airline-web/app/controllers/AirlineApplication.scala. Using presentation compiler with project's scala-library version: 3.3.6
2025.11.23 18:34:53 INFO  no build target found for /Users/egor/airline-fork/airline-web/app/controllers/AirlineApplication.scala. Using presentation compiler with project's scala-library version: 3.3.6
2025.11.23 18:34:53 INFO  no build target found for /Users/egor/airline-fork/airline-web/app/controllers/AirlineApplication.scala. Using presentation compiler with project's scala-library version: 3.3.6
2025.11.23 18:34:55 INFO  no build target found for /Users/egor/airline-fork/airline-web/app/controllers/AirlineApplication.scala. Using presentation compiler with project's scala-library version: 3.3.6
2025.11.23 18:34:55 INFO  no build target found for /Users/egor/airline-fork/airline-web/app/controllers/AirlineApplication.scala. Using presentation compiler with project's scala-library version: 3.3.6
2025.11.23 18:35:03 INFO  no build target found for /Users/egor/airline-fork/airline-web/app/controllers/AirplaneConfigurationApplication.scala. Using presentation compiler with project's scala-library version: 3.3.6
2025.11.23 18:35:03 WARN  no build target for: /Users/egor/airline-fork/airline-web/app/controllers/AirplaneConfigurationApplication.scala
2025.11.23 18:35:03 INFO  no build target found for /Users/egor/airline-fork/airline-web/app/controllers/AirplaneConfigurationApplication.scala. Using presentation compiler with project's scala-library version: 3.3.6
2025.11.23 18:35:03 INFO  no build target found for /Users/egor/airline-fork/airline-web/app/controllers/AirplaneConfigurationApplication.scala. Using presentation compiler with project's scala-library version: 3.3.6
2025.11.23 18:35:04 INFO  no build target found for /Users/egor/airline-fork/airline-web/app/controllers/AirplaneConfigurationApplication.scala. Using presentation compiler with project's scala-library version: 3.3.6
2025.11.23 18:35:04 INFO  no build target found for /Users/egor/airline-fork/airline-web/app/controllers/AirplaneConfigurationApplication.scala. Using presentation compiler with project's scala-library version: 3.3.6
2025.11.23 18:35:03 INFO  no build target found for /Users/egor/airline-fork/airline-web/app/controllers/AirplaneApplication.scala. Using presentation compiler with project's scala-library version: 3.3.6
2025.11.23 18:35:04 WARN  no build target for: /Users/egor/airline-fork/airline-web/app/controllers/AirplaneApplication.scala
2025.11.23 18:35:03 INFO  no build target found for /Users/egor/airline-fork/airline-web/app/controllers/AirplaneApplication.scala. Using presentation compiler with project's scala-library version: 3.3.6
2025.11.23 18:35:03 INFO  no build target found for /Users/egor/airline-fork/airline-web/app/controllers/AirplaneApplication.scala. Using presentation compiler with project's scala-library version: 3.3.6
2025.11.23 18:35:04 INFO  no build target found for /Users/egor/airline-fork/airline-web/app/controllers/AirplaneApplication.scala. Using presentation compiler with project's scala-library version: 3.3.6
2025.11.23 18:35:05 INFO  no build target found for /Users/egor/airline-fork/airline-web/app/controllers/AirplaneApplication.scala. Using presentation compiler with project's scala-library version: 3.3.6
2025.11.23 18:35:06 INFO  no build target found for /Users/egor/airline-fork/airline-web/app/controllers/AirplaneApplication.scala. Using presentation compiler with project's scala-library version: 3.3.6
2025.11.23 18:35:07 INFO  no build target found for /Users/egor/airline-fork/airline-web/app/controllers/AirplaneApplication.scala. Using presentation compiler with project's scala-library version: 3.3.6
2025.11.23 18:35:12 INFO  no build target found for /Users/egor/airline-fork/airline-web/app/controllers/AirplaneApplication.scala. Using presentation compiler with project's scala-library version: 3.3.6
2025.11.23 18:35:13 INFO  no build target found for /Users/egor/airline-fork/airline-web/app/controllers/AirplaneApplication.scala. Using presentation compiler with project's scala-library version: 3.3.6
2025.11.23 18:35:13 INFO  no build target found for /Users/egor/airline-fork/airline-web/app/controllers/AirplaneApplication.scala. Using presentation compiler with project's scala-library version: 3.3.6
2025.11.23 18:35:13 INFO  no build target found for /Users/egor/airline-fork/airline-web/app/controllers/AirplaneApplication.scala. Using presentation compiler with project's scala-library version: 3.3.6
2025.11.23 18:35:13 INFO  no build target found for /Users/egor/airline-fork/airline-web/app/controllers/AirplaneApplication.scala. Using presentation compiler with project's scala-library version: 3.3.6
2025.11.23 18:35:15 INFO  no build target found for /Users/egor/airline-fork/airline-web/app/controllers/AirplaneApplication.scala. Using presentation compiler with project's scala-library version: 3.3.6
2025.11.23 18:35:15 INFO  no build target found for /Users/egor/airline-fork/airline-web/app/controllers/AirplaneApplication.scala. Using presentation compiler with project's scala-library version: 3.3.6
2025.11.23 18:35:15 INFO  no build target found for /Users/egor/airline-fork/airline-web/app/controllers/AirplaneApplication.scala. Using presentation compiler with project's scala-library version: 3.3.6
2025.11.23 18:35:15 INFO  no build target found for /Users/egor/airline-fork/airline-web/app/controllers/AirplaneApplication.scala. Using presentation compiler with project's scala-library version: 3.3.6
2025.11.23 18:35:15 INFO  no build target found for /Users/egor/airline-fork/airline-web/app/controllers/AirplaneApplication.scala. Using presentation compiler with project's scala-library version: 3.3.6
2025.11.23 18:35:15 INFO  no build target found for /Users/egor/airline-fork/airline-web/app/controllers/AirplaneApplication.scala. Using presentation compiler with project's scala-library version: 3.3.6
2025.11.23 18:35:15 INFO  no build target found for /Users/egor/airline-fork/airline-web/app/controllers/AirplaneApplication.scala. Using presentation compiler with project's scala-library version: 3.3.6
2025.11.23 18:35:15 INFO  no build target found for /Users/egor/airline-fork/airline-web/app/controllers/AirplaneApplication.scala. Using presentation compiler with project's scala-library version: 3.3.6
2025.11.23 18:35:16 INFO  no build target found for /Users/egor/airline-fork/airline-web/app/controllers/AirplaneApplication.scala. Using presentation compiler with project's scala-library version: 3.3.6
2025.11.23 18:35:16 INFO  no build target found for /Users/egor/airline-fork/airline-web/app/controllers/AirplaneApplication.scala. Using presentation compiler with project's scala-library version: 3.3.6
2025.11.23 18:35:15 INFO  no build target found for /Users/egor/airline-fork/airline-web/app/controllers/AirplaneApplication.scala. Using presentation compiler with project's scala-library version: 3.3.6
2025.11.23 18:35:16 INFO  no build target found for /Users/egor/airline-fork/airline-web/app/controllers/AirplaneApplication.scala. Using presentation compiler with project's scala-library version: 3.3.6
2025.11.23 18:35:16 INFO  no build target found for /Users/egor/airline-fork/airline-web/app/controllers/AirplaneApplication.scala. Using presentation compiler with project's scala-library version: 3.3.6
2025.11.23 18:35:16 INFO  no build target found for /Users/egor/airline-fork/airline-web/app/controllers/AirplaneApplication.scala. Using presentation compiler with project's scala-library version: 3.3.6
2025.11.23 18:35:16 INFO  no build target found for /Users/egor/airline-fork/airline-web/app/controllers/AirplaneApplication.scala. Using presentation compiler with project's scala-library version: 3.3.6
2025.11.23 18:35:17 WARN  no build target for: /Users/egor/airline-fork/airline-web/app/controllers/AirplaneApplication.scala
2025.11.23 18:35:17 INFO  no build target found for /Users/egor/airline-fork/airline-web/app/controllers/AirplaneApplication.scala. Using presentation compiler with project's scala-library version: 3.3.6
2025.11.23 18:35:18 INFO  no build target found for /Users/egor/airline-fork/airline-web/app/controllers/AirplaneApplication.scala. Using presentation compiler with project's scala-library version: 3.3.6
2025.11.23 18:35:18 INFO  no build target found for /Users/egor/airline-fork/airline-web/app/controllers/AirplaneApplication.scala. Using presentation compiler with project's scala-library version: 3.3.6
2025.11.23 18:35:18 INFO  no build target found for /Users/egor/airline-fork/airline-web/app/controllers/AirplaneApplication.scala. Using presentation compiler with project's scala-library version: 3.3.6
2025.11.23 18:35:18 INFO  no build target found for /Users/egor/airline-fork/airline-web/app/controllers/AirplaneApplication.scala. Using presentation compiler with project's scala-library version: 3.3.6
2025.11.23 18:35:18 INFO  no build target found for /Users/egor/airline-fork/airline-web/app/controllers/AirplaneApplication.scala. Using presentation compiler with project's scala-library version: 3.3.6
2025.11.23 18:35:19 INFO  no build target found for /Users/egor/airline-fork/airline-web/app/controllers/AirplaneApplication.scala. Using presentation compiler with project's scala-library version: 3.3.6
2025.11.23 18:35:18 INFO  no build target found for /Users/egor/airline-fork/airline-web/app/controllers/AirplaneApplication.scala. Using presentation compiler with project's scala-library version: 3.3.6
2025.11.23 18:35:18 INFO  no build target found for /Users/egor/airline-fork/airline-web/app/controllers/AirplaneApplication.scala. Using presentation compiler with project's scala-library version: 3.3.6
2025.11.23 18:35:19 INFO  no build target found for /Users/egor/airline-fork/airline-web/app/controllers/AirplaneApplication.scala. Using presentation compiler with project's scala-library version: 3.3.6
2025.11.23 18:35:19 INFO  no build target found for /Users/egor/airline-fork/airline-web/app/controllers/AirplaneApplication.scala. Using presentation compiler with project's scala-library version: 3.3.6
2025.11.23 18:35:19 INFO  no build target found for /Users/egor/airline-fork/airline-web/app/controllers/AirplaneApplication.scala. Using presentation compiler with project's scala-library version: 3.3.6
2025.11.23 18:35:19 INFO  no build target found for /Users/egor/airline-fork/airline-web/app/controllers/AirplaneApplication.scala. Using presentation compiler with project's scala-library version: 3.3.6
2025.11.23 18:35:19 INFO  no build target found for /Users/egor/airline-fork/airline-web/app/controllers/AirplaneApplication.scala. Using presentation compiler with project's scala-library version: 3.3.6
2025.11.23 18:35:20 INFO  no build target found for /Users/egor/airline-fork/airline-web/app/controllers/AirplaneApplication.scala. Using presentation compiler with project's scala-library version: 3.3.6
2025.11.23 18:35:20 INFO  no build target found for /Users/egor/airline-fork/airline-web/app/controllers/AirplaneApplication.scala. Using presentation compiler with project's scala-library version: 3.3.6
2025.11.23 18:35:20 WARN  no build target for: /Users/egor/airline-fork/airline-web/app/controllers/AirplaneApplication.scala
2025.11.23 18:35:20 INFO  no build target found for /Users/egor/airline-fork/airline-web/app/controllers/AirplaneApplication.scala. Using presentation compiler with project's scala-library version: 3.3.6
2025.11.23 18:35:40 INFO  no build target found for /Users/egor/airline-fork/airline-data/src/main/scala/com/patson/model/airplane/ModelDiscount.scala. Using presentation compiler with project's scala-library version: 3.3.6
2025.11.23 18:35:40 WARN  no build target for: /Users/egor/airline-fork/airline-data/src/main/scala/com/patson/model/airplane/ModelDiscount.scala
2025.11.23 18:35:40 INFO  no build target found for /Users/egor/airline-fork/airline-data/src/main/scala/com/patson/model/airplane/ModelDiscount.scala. Using presentation compiler with project's scala-library version: 3.3.6
2025.11.23 18:35:40 INFO  no build target found for /Users/egor/airline-fork/airline-data/src/main/scala/com/patson/model/airplane/ModelDiscount.scala. Using presentation compiler with project's scala-library version: 3.3.6
2025.11.23 18:35:40 INFO  no build target found for /Users/egor/airline-fork/airline-data/src/main/scala/com/patson/model/airplane/ModelDiscount.scala. Using presentation compiler with project's scala-library version: 3.3.6
2025.11.23 18:35:41 INFO  no build target found for /Users/egor/airline-fork/airline-data/src/main/scala/com/patson/model/airplane/ModelDiscount.scala. Using presentation compiler with project's scala-library version: 3.3.6
2025.11.23 18:35:40 INFO  no build target found for /Users/egor/airline-fork/airline-data/src/main/scala/com/patson/model/airplane/ModelDiscount.scala. Using presentation compiler with project's scala-library version: 3.3.6
2025.11.23 18:35:41 INFO  no build target found for /Users/egor/airline-fork/airline-data/src/main/scala/com/patson/model/airplane/ModelDiscount.scala. Using presentation compiler with project's scala-library version: 3.3.6
2025.11.23 18:35:44 INFO  no build target found for /Users/egor/airline-fork/airline-data/src/main/scala/com/patson/model/airplane/ModelDiscount.scala. Using presentation compiler with project's scala-library version: 3.3.6
2025.11.23 18:35:44 INFO  no build target found for /Users/egor/airline-fork/airline-data/src/main/scala/com/patson/model/airplane/ModelDiscount.scala. Using presentation compiler with project's scala-library version: 3.3.6
2025.11.23 18:35:46 INFO  no build target found for /Users/egor/airline-fork/airline-data/src/main/scala/com/patson/model/airplane/ModelDiscount.scala. Using presentation compiler with project's scala-library version: 3.3.6
2025.11.23 18:35:48 INFO  no build target found for /Users/egor/airline-fork/airline-data/src/main/scala/com/patson/model/airplane/ModelDiscount.scala. Using presentation compiler with project's scala-library version: 3.3.6
2025.11.23 18:35:48 INFO  no build target found for /Users/egor/airline-fork/airline-data/src/main/scala/com/patson/model/airplane/ModelDiscount.scala. Using presentation compiler with project's scala-library version: 3.3.6
2025.11.23 18:35:48 INFO  no build target found for /Users/egor/airline-fork/airline-data/src/main/scala/com/patson/model/airplane/ModelDiscount.scala. Using presentation compiler with project's scala-library version: 3.3.6
2025.11.23 18:35:49 INFO  no build target found for /Users/egor/airline-fork/airline-data/src/main/scala/com/patson/model/airplane/ModelDiscount.scala. Using presentation compiler with project's scala-library version: 3.3.6
2025.11.23 18:35:57 INFO  no build target found for /Users/egor/airline-fork/airline-data/src/main/scala/com/patson/model/airplane/ModelDiscount.scala. Using presentation compiler with project's scala-library version: 3.3.6
2025.11.23 18:35:57 INFO  no build target found for /Users/egor/airline-fork/airline-data/src/main/scala/com/patson/model/airplane/ModelDiscount.scala. Using presentation compiler with project's scala-library version: 3.3.6
2025.11.23 18:36:00 INFO  no build target found for /Users/egor/airline-fork/airline-data/src/main/scala/com/patson/model/airplane/ModelDiscount.scala. Using presentation compiler with project's scala-library version: 3.3.6
2025.11.23 18:36:05 WARN  no build target for: /Users/egor/airline-fork/airline-web/app/controllers/AirplaneApplication.scala
2025.11.23 18:36:05 INFO  no build target found for /Users/egor/airline-fork/airline-web/app/controllers/AirplaneApplication.scala. Using presentation compiler with project's scala-library version: 3.3.6
2025.11.23 18:36:05 INFO  no build target found for /Users/egor/airline-fork/airline-web/app/controllers/AirplaneApplication.scala. Using presentation compiler with project's scala-library version: 3.3.6
2025.11.23 18:36:05 INFO  no build target found for /Users/egor/airline-fork/airline-web/app/controllers/AirplaneApplication.scala. Using presentation compiler with project's scala-library version: 3.3.6
2025.11.23 18:36:05 INFO  no build target found for /Users/egor/airline-fork/airline-web/app/controllers/AirplaneApplication.scala. Using presentation compiler with project's scala-library version: 3.3.6
2025.11.23 18:36:05 INFO  no build target found for /Users/egor/airline-fork/airline-web/app/controllers/AirplaneApplication.scala. Using presentation compiler with project's scala-library version: 3.3.6
2025.11.23 18:36:05 INFO  no build target found for /Users/egor/airline-fork/airline-web/app/controllers/AirplaneApplication.scala. Using presentation compiler with project's scala-library version: 3.3.6
2025.11.23 18:36:05 INFO  no build target found for /Users/egor/airline-fork/airline-web/app/controllers/AirplaneApplication.scala. Using presentation compiler with project's scala-library version: 3.3.6
2025.11.23 18:36:06 INFO  no build target found for /Users/egor/airline-fork/airline-web/app/controllers/AirplaneApplication.scala. Using presentation compiler with project's scala-library version: 3.3.6
2025.11.23 18:36:06 WARN  no build target for: /Users/egor/airline-fork/airline-web/app/controllers/AirplaneApplication.scala
2025.11.23 18:36:06 INFO  no build target found for /Users/egor/airline-fork/airline-web/app/controllers/AirplaneApplication.scala. Using presentation compiler with project's scala-library version: 3.3.6
2025.11.23 18:36:06 INFO  no build target found for /Users/egor/airline-fork/airline-web/app/controllers/AirplaneApplication.scala. Using presentation compiler with project's scala-library version: 3.3.6
2025.11.23 18:36:05 INFO  no build target found for /Users/egor/airline-fork/airline-web/app/controllers/AirplaneApplication.scala. Using presentation compiler with project's scala-library version: 3.3.6
2025.11.23 18:36:06 INFO  Created report: Optional[file:///Users/egor/airline-fork/airline-web/app/controllers/AirplaneApplication.scala]
2025.11.23 18:36:06 INFO  empty definition using pc, found symbol in pc: `<none>`. (full report at: "/Users/egor/airline-fork/.metals/.reports/metals-full/2025-11-23/r_empty-definition_18-36-06-408.md")
2025.11.23 18:36:06 INFO  no build target found for /Users/egor/airline-fork/airline-web/app/controllers/AirplaneApplication.scala. Using presentation compiler with project's scala-library version: 3.3.6
2025.11.23 18:36:06 INFO  no build target found for /Users/egor/airline-fork/airline-web/app/controllers/AirplaneApplication.scala. Using presentation compiler with project's scala-library version: 3.3.6
2025.11.23 18:36:06 INFO  empty definition using pc, found symbol in pc: `<none>`. (full report at: "/Users/egor/airline-fork/.metals/.reports/metals-full/2025-11-23/r_empty-definition_18-36-06-408.md")
2025.11.23 18:37:09 INFO  no build target found for /Users/egor/airline-fork/airline-web/app/controllers/AirplaneApplication.scala. Using presentation compiler with project's scala-library version: 3.3.6
2025.11.23 18:37:13 INFO  no build target found for /Users/egor/airline-fork/airline-web/app/controllers/AirplaneApplication.scala. Using presentation compiler with project's scala-library version: 3.3.6
2025.11.23 18:37:13 INFO  no build target found for /Users/egor/airline-fork/airline-web/app/controllers/AirplaneApplication.scala. Using presentation compiler with project's scala-library version: 3.3.6
2025.11.23 18:37:13 INFO  no build target found for /Users/egor/airline-fork/airline-web/app/controllers/AirplaneApplication.scala. Using presentation compiler with project's scala-library version: 3.3.6
2025.11.23 18:37:13 INFO  no build target found for /Users/egor/airline-fork/airline-web/app/controllers/AirplaneApplication.scala. Using presentation compiler with project's scala-library version: 3.3.6
2025.11.23 18:37:14 INFO  no build target found for /Users/egor/airline-fork/airline-web/app/controllers/AirplaneApplication.scala. Using presentation compiler with project's scala-library version: 3.3.6
2025.11.23 18:37:14 INFO  no build target found for /Users/egor/airline-fork/airline-web/app/controllers/AirplaneApplication.scala. Using presentation compiler with project's scala-library version: 3.3.6
2025.11.23 18:37:14 INFO  no build target found for /Users/egor/airline-fork/airline-web/app/controllers/AirplaneApplication.scala. Using presentation compiler with project's scala-library version: 3.3.6
2025.11.23 18:37:14 INFO  no build target found for /Users/egor/airline-fork/airline-web/app/controllers/AirplaneApplication.scala. Using presentation compiler with project's scala-library version: 3.3.6
2025.11.23 18:37:14 INFO  no build target found for /Users/egor/airline-fork/airline-web/app/controllers/AirplaneApplication.scala. Using presentation compiler with project's scala-library version: 3.3.6
2025.11.23 18:37:14 INFO  no build target found for /Users/egor/airline-fork/airline-web/app/controllers/AirplaneApplication.scala. Using presentation compiler with project's scala-library version: 3.3.6
2025.11.23 18:37:14 INFO  no build target found for /Users/egor/airline-fork/airline-web/app/controllers/AirplaneApplication.scala. Using presentation compiler with project's scala-library version: 3.3.6
2025.11.23 18:37:14 INFO  no build target found for /Users/egor/airline-fork/airline-web/app/controllers/AirplaneApplication.scala. Using presentation compiler with project's scala-library version: 3.3.6
2025.11.23 18:37:15 INFO  no build target found for /Users/egor/airline-fork/airline-web/app/controllers/AirplaneApplication.scala. Using presentation compiler with project's scala-library version: 3.3.6
2025.11.23 18:37:14 INFO  no build target found for /Users/egor/airline-fork/airline-web/app/controllers/AirplaneApplication.scala. Using presentation compiler with project's scala-library version: 3.3.6
2025.11.23 18:37:15 INFO  no build target found for /Users/egor/airline-fork/airline-web/app/controllers/AirplaneApplication.scala. Using presentation compiler with project's scala-library version: 3.3.6
2025.11.23 18:37:14 INFO  no build target found for /Users/egor/airline-fork/airline-web/app/controllers/AirplaneApplication.scala. Using presentation compiler with project's scala-library version: 3.3.6
2025.11.23 18:37:15 INFO  no build target found for /Users/egor/airline-fork/airline-web/app/controllers/AirplaneApplication.scala. Using presentation compiler with project's scala-library version: 3.3.6
2025.11.23 18:37:15 INFO  no build target found for /Users/egor/airline-fork/airline-web/app/controllers/AirplaneApplication.scala. Using presentation compiler with project's scala-library version: 3.3.6
2025.11.23 18:37:15 INFO  no build target found for /Users/egor/airline-fork/airline-web/app/controllers/AirplaneApplication.scala. Using presentation compiler with project's scala-library version: 3.3.6
2025.11.23 18:37:15 INFO  no build target found for /Users/egor/airline-fork/airline-web/app/controllers/AirplaneApplication.scala. Using presentation compiler with project's scala-library version: 3.3.6
2025.11.23 18:37:15 INFO  no build target found for /Users/egor/airline-fork/airline-web/app/controllers/AirplaneApplication.scala. Using presentation compiler with project's scala-library version: 3.3.6
2025.11.23 18:37:15 INFO  no build target found for /Users/egor/airline-fork/airline-web/app/controllers/AirplaneApplication.scala. Using presentation compiler with project's scala-library version: 3.3.6
2025.11.23 18:37:16 INFO  empty definition using pc, found symbol in pc: `<none>`. (full report at: "/Users/egor/airline-fork/.metals/.reports/metals-full/2025-11-23/r_empty-definition_18-36-06-408.md")
2025.11.23 18:37:15 WARN  no build target for: /Users/egor/airline-fork/airline-web/app/controllers/AirplaneApplication.scala
2025.11.23 18:37:16 INFO  no build target found for /Users/egor/airline-fork/airline-web/app/controllers/AirplaneApplication.scala. Using presentation compiler with project's scala-library version: 3.3.6
2025.11.23 18:37:17 INFO  no build target found for /Users/egor/airline-fork/airline-web/app/controllers/AirplaneApplication.scala. Using presentation compiler with project's scala-library version: 3.3.6
2025.11.23 18:37:17 INFO  no build target found for /Users/egor/airline-fork/airline-web/app/controllers/AirplaneApplication.scala. Using presentation compiler with project's scala-library version: 3.3.6
2025.11.23 18:37:18 INFO  no build target found for /Users/egor/airline-fork/airline-web/app/controllers/AirlineApplication.scala. Using presentation compiler with project's scala-library version: 3.3.6
2025.11.23 18:37:20 INFO  no build target found for /Users/egor/airline-fork/airline-web/app/controllers/AirplaneApplication.scala. Using presentation compiler with project's scala-library version: 3.3.6
2025.11.23 18:37:21 INFO  no build target found for /Users/egor/airline-fork/airline-web/app/controllers/AirplaneApplication.scala. Using presentation compiler with project's scala-library version: 3.3.6
2025.11.23 18:37:22 WARN  no build target for: /Users/egor/airline-fork/airline-data/src/main/scala/com/patson/model/airplane/ModelDiscount.scala
2025.11.23 18:37:22 INFO  no build target found for /Users/egor/airline-fork/airline-data/src/main/scala/com/patson/model/airplane/ModelDiscount.scala. Using presentation compiler with project's scala-library version: 3.3.6
2025.11.23 18:37:22 INFO  no build target found for /Users/egor/airline-fork/airline-data/src/main/scala/com/patson/model/airplane/ModelDiscount.scala. Using presentation compiler with project's scala-library version: 3.3.6
2025.11.23 18:37:22 INFO  no build target found for /Users/egor/airline-fork/airline-data/src/main/scala/com/patson/model/airplane/ModelDiscount.scala. Using presentation compiler with project's scala-library version: 3.3.6
2025.11.23 18:37:38 INFO  no build target found for /Users/egor/airline-fork/airline-data/src/main/scala/com/patson/model/airplane/ModelDiscount.scala. Using presentation compiler with project's scala-library version: 3.3.6
2025.11.23 18:37:38 INFO  no build target found for /Users/egor/airline-fork/airline-data/src/main/scala/com/patson/model/airplane/ModelDiscount.scala. Using presentation compiler with project's scala-library version: 3.3.6
2025.11.23 18:37:41 INFO  no build target found for /Users/egor/airline-fork/airline-data/src/main/scala/com/patson/model/airplane/ModelDiscount.scala. Using presentation compiler with project's scala-library version: 3.3.6
2025.11.23 18:37:41 INFO  no build target found for /Users/egor/airline-fork/airline-data/src/main/scala/com/patson/model/airplane/ModelDiscount.scala. Using presentation compiler with project's scala-library version: 3.3.6
2025.11.23 18:37:42 WARN  no build target for: /Users/egor/airline-fork/airline-web/app/controllers/AirplaneApplication.scala
2025.11.23 18:37:42 INFO  no build target found for /Users/egor/airline-fork/airline-web/app/controllers/AirplaneApplication.scala. Using presentation compiler with project's scala-library version: 3.3.6
2025.11.23 18:37:43 INFO  no build target found for /Users/egor/airline-fork/airline-web/app/controllers/AirplaneApplication.scala. Using presentation compiler with project's scala-library version: 3.3.6
2025.11.23 18:37:42 INFO  no build target found for /Users/egor/airline-fork/airline-web/app/controllers/AirplaneApplication.scala. Using presentation compiler with project's scala-library version: 3.3.6
2025.11.23 18:37:42 INFO  no build target found for /Users/egor/airline-fork/airline-web/app/controllers/AirplaneApplication.scala. Using presentation compiler with project's scala-library version: 3.3.6
2025.11.23 18:37:44 INFO  no build target found for /Users/egor/airline-fork/airline-web/app/controllers/AirplaneApplication.scala. Using presentation compiler with project's scala-library version: 3.3.6
2025.11.23 18:37:46 INFO  no build target found for /Users/egor/airline-fork/airline-web/app/controllers/AirplaneApplication.scala. Using presentation compiler with project's scala-library version: 3.3.6
2025.11.23 18:37:46 INFO  no build target found for /Users/egor/airline-fork/airline-web/app/controllers/AirplaneApplication.scala. Using presentation compiler with project's scala-library version: 3.3.6
2025.11.23 18:37:47 INFO  no build target found for /Users/egor/airline-fork/airline-web/app/controllers/AirplaneApplication.scala. Using presentation compiler with project's scala-library version: 3.3.6
2025.11.23 18:37:47 INFO  no build target found for /Users/egor/airline-fork/airline-web/app/controllers/AirplaneApplication.scala. Using presentation compiler with project's scala-library version: 3.3.6
2025.11.23 18:37:47 INFO  no build target found for /Users/egor/airline-fork/airline-web/app/controllers/AirplaneApplication.scala. Using presentation compiler with project's scala-library version: 3.3.6
2025.11.23 18:37:48 INFO  no build target found for /Users/egor/airline-fork/airline-web/app/controllers/AirplaneApplication.scala. Using presentation compiler with project's scala-library version: 3.3.6
2025.11.23 18:37:48 INFO  no build target found for /Users/egor/airline-fork/airline-web/app/controllers/AirplaneApplication.scala. Using presentation compiler with project's scala-library version: 3.3.6
2025.11.23 18:37:48 INFO  no build target found for /Users/egor/airline-fork/airline-web/app/controllers/AirplaneApplication.scala. Using presentation compiler with project's scala-library version: 3.3.6
2025.11.23 18:37:49 INFO  no build target found for /Users/egor/airline-fork/airline-web/app/controllers/AirplaneApplication.scala. Using presentation compiler with project's scala-library version: 3.3.6
2025.11.23 18:37:49 INFO  no build target found for /Users/egor/airline-fork/airline-web/app/controllers/AirplaneApplication.scala. Using presentation compiler with project's scala-library version: 3.3.6
2025.11.23 18:37:48 INFO  no build target found for /Users/egor/airline-fork/airline-web/app/controllers/AirplaneApplication.scala. Using presentation compiler with project's scala-library version: 3.3.6
Nov 23, 2025 6:37:49 PM org.eclipse.lsp4j.jsonrpc.RemoteEndpoint handleCancellation
WARNING: Unmatched cancel notification for request id 418
2025.11.23 18:37:48 INFO  no build target found for /Users/egor/airline-fork/airline-web/app/controllers/AirplaneApplication.scala. Using presentation compiler with project's scala-library version: 3.3.6
2025.11.23 18:37:49 INFO  no build target found for /Users/egor/airline-fork/airline-web/app/controllers/AirplaneApplication.scala. Using presentation compiler with project's scala-library version: 3.3.6
2025.11.23 18:37:48 INFO  no build target found for /Users/egor/airline-fork/airline-web/app/controllers/AirplaneApplication.scala. Using presentation compiler with project's scala-library version: 3.3.6
2025.11.23 18:37:48 INFO  no build target found for /Users/egor/airline-fork/airline-web/app/controllers/AirplaneApplication.scala. Using presentation compiler with project's scala-library version: 3.3.6
2025.11.23 18:37:49 INFO  no build target found for /Users/egor/airline-fork/airline-web/app/controllers/AirplaneApplication.scala. Using presentation compiler with project's scala-library version: 3.3.6
2025.11.23 18:37:50 INFO  no build target found for /Users/egor/airline-fork/airline-web/app/controllers/AirplaneApplication.scala. Using presentation compiler with project's scala-library version: 3.3.6
2025.11.23 18:37:50 INFO  no build target found for /Users/egor/airline-fork/airline-web/app/controllers/AirplaneApplication.scala. Using presentation compiler with project's scala-library version: 3.3.6
2025.11.23 18:37:50 WARN  no build target for: /Users/egor/airline-fork/airline-web/app/controllers/AirplaneApplication.scala
2025.11.23 18:37:50 INFO  no build target found for /Users/egor/airline-fork/airline-web/app/controllers/AirplaneApplication.scala. Using presentation compiler with project's scala-library version: 3.3.6
2025.11.23 18:38:03 INFO  no build target found for /Users/egor/airline-fork/airline-web/app/controllers/AirplaneConfigurationApplication.scala. Using presentation compiler with project's scala-library version: 3.3.6
2025.11.23 18:38:47 INFO  no build target found for /Users/egor/airline-fork/airline-web/app/controllers/AirplaneApplication.scala. Using presentation compiler with project's scala-library version: 3.3.6
2025.11.23 18:39:11 INFO  no build target found for /Users/egor/airline-fork/airline-data/src/main/scala/com/patson/model/airplane/ModelDiscount.scala. Using presentation compiler with project's scala-library version: 3.3.6
2025.11.23 18:44:55 INFO  no build target found for /Users/egor/airline-fork/airline-data/src/main/scala/com/patson/LoanInterestRateSimulation.scala. Using presentation compiler with project's scala-library version: 3.3.6
2025.11.23 18:44:55 WARN  no build target for: /Users/egor/airline-fork/airline-data/src/main/scala/com/patson/LoanInterestRateSimulation.scala
2025.11.23 18:44:55 INFO  no build target found for /Users/egor/airline-fork/airline-data/src/main/scala/com/patson/LoanInterestRateSimulation.scala. Using presentation compiler with project's scala-library version: 3.3.6
2025.11.23 18:44:55 INFO  no build target found for /Users/egor/airline-fork/airline-data/src/main/scala/com/patson/LoanInterestRateSimulation.scala. Using presentation compiler with project's scala-library version: 3.3.6
2025.11.23 18:44:55 INFO  no build target found for /Users/egor/airline-fork/airline-data/src/main/scala/com/patson/LoanInterestRateSimulation.scala. Using presentation compiler with project's scala-library version: 3.3.6
2025.11.23 18:44:56 INFO  no build target found for /Users/egor/airline-fork/airline-data/src/main/scala/com/patson/LoanInterestRateSimulation.scala. Using presentation compiler with project's scala-library version: 3.3.6
2025.11.23 18:45:04 INFO  no build target found for /Users/egor/airline-fork/airline-data/src/main/scala/com/patson/LoanInterestRateSimulation.scala. Using presentation compiler with project's scala-library version: 3.3.6
2025.11.23 18:45:06 INFO  no build target found for /Users/egor/airline-fork/airline-data/src/main/scala/com/patson/LoanInterestRateSimulation.scala. Using presentation compiler with project's scala-library version: 3.3.6
2025.11.23 18:45:08 INFO  no build target found for /Users/egor/airline-fork/airline-data/src/main/scala/com/patson/LoanInterestRateSimulation.scala. Using presentation compiler with project's scala-library version: 3.3.6
2025.11.23 18:45:08 INFO  no build target found for /Users/egor/airline-fork/airline-data/src/main/scala/com/patson/LoanInterestRateSimulation.scala. Using presentation compiler with project's scala-library version: 3.3.6
2025.11.23 18:45:09 INFO  no build target found for /Users/egor/airline-fork/airline-data/src/main/scala/com/patson/LoanInterestRateSimulation.scala. Using presentation compiler with project's scala-library version: 3.3.6
2025.11.23 18:45:09 INFO  no build target found for /Users/egor/airline-fork/airline-data/src/main/scala/com/patson/LoanInterestRateSimulation.scala. Using presentation compiler with project's scala-library version: 3.3.6
2025.11.23 18:45:11 INFO  no build target found for /Users/egor/airline-fork/airline-data/src/main/scala/com/patson/LoanInterestRateSimulation.scala. Using presentation compiler with project's scala-library version: 3.3.6
2025.11.23 18:45:14 INFO  no build target found for /Users/egor/airline-fork/airline-data/src/main/scala/com/patson/LoanInterestRateSimulation.scala. Using presentation compiler with project's scala-library version: 3.3.6
2025.11.23 18:45:14 INFO  no build target found for /Users/egor/airline-fork/airline-data/src/main/scala/com/patson/LoanInterestRateSimulation.scala. Using presentation compiler with project's scala-library version: 3.3.6
2025.11.23 18:45:16 WARN  no build target for: /Users/egor/airline-fork/airline-data/src/main/scala/com/patson/MainSimulation.scala
2025.11.23 18:45:16 INFO  no build target found for /Users/egor/airline-fork/airline-data/src/main/scala/com/patson/MainSimulation.scala. Using presentation compiler with project's scala-library version: 3.3.6
2025.11.23 18:45:16 INFO  no build target found for /Users/egor/airline-fork/airline-data/src/main/scala/com/patson/MainSimulation.scala. Using presentation compiler with project's scala-library version: 3.3.6
2025.11.23 18:45:17 INFO  no build target found for /Users/egor/airline-fork/airline-data/src/main/scala/com/patson/MainSimulation.scala. Using presentation compiler with project's scala-library version: 3.3.6
2025.11.23 18:45:18 INFO  no build target found for /Users/egor/airline-fork/airline-data/src/main/scala/com/patson/MainSimulation.scala. Using presentation compiler with project's scala-library version: 3.3.6
2025.11.23 18:45:18 INFO  no build target found for /Users/egor/airline-fork/airline-data/src/main/scala/com/patson/MainSimulation.scala. Using presentation compiler with project's scala-library version: 3.3.6
2025.11.23 18:45:23 INFO  no build target found for /Users/egor/airline-fork/airline-data/src/main/scala/com/patson/MainSimulation.scala. Using presentation compiler with project's scala-library version: 3.3.6
2025.11.23 18:45:24 INFO  no build target found for /Users/egor/airline-fork/airline-data/src/main/scala/com/patson/MainSimulation.scala. Using presentation compiler with project's scala-library version: 3.3.6
2025.11.23 18:45:26 INFO  no build target found for /Users/egor/airline-fork/airline-data/src/main/scala/com/patson/MainSimulation.scala. Using presentation compiler with project's scala-library version: 3.3.6
2025.11.23 18:45:26 INFO  no build target found for /Users/egor/airline-fork/airline-data/src/main/scala/com/patson/MainSimulation.scala. Using presentation compiler with project's scala-library version: 3.3.6
2025.11.23 18:45:26 INFO  no build target found for /Users/egor/airline-fork/airline-data/src/main/scala/com/patson/MainSimulation.scala. Using presentation compiler with project's scala-library version: 3.3.6
2025.11.23 18:45:26 INFO  no build target found for /Users/egor/airline-fork/airline-data/src/main/scala/com/patson/MainSimulation.scala. Using presentation compiler with project's scala-library version: 3.3.6
2025.11.23 18:45:26 INFO  no build target found for /Users/egor/airline-fork/airline-data/src/main/scala/com/patson/MainSimulation.scala. Using presentation compiler with project's scala-library version: 3.3.6
2025.11.23 18:45:26 INFO  no build target found for /Users/egor/airline-fork/airline-data/src/main/scala/com/patson/MainSimulation.scala. Using presentation compiler with project's scala-library version: 3.3.6
2025.11.23 18:45:27 INFO  no build target found for /Users/egor/airline-fork/airline-data/src/main/scala/com/patson/MainSimulation.scala. Using presentation compiler with project's scala-library version: 3.3.6
2025.11.23 18:45:27 INFO  no build target found for /Users/egor/airline-fork/airline-data/src/main/scala/com/patson/MainSimulation.scala. Using presentation compiler with project's scala-library version: 3.3.6
2025.11.23 18:45:27 INFO  no build target found for /Users/egor/airline-fork/airline-data/src/main/scala/com/patson/MainSimulation.scala. Using presentation compiler with project's scala-library version: 3.3.6
2025.11.23 18:45:28 INFO  no build target found for /Users/egor/airline-fork/airline-data/src/main/scala/com/patson/MainSimulation.scala. Using presentation compiler with project's scala-library version: 3.3.6
2025.11.23 18:45:27 INFO  no build target found for /Users/egor/airline-fork/airline-data/src/main/scala/com/patson/MainSimulation.scala. Using presentation compiler with project's scala-library version: 3.3.6
2025.11.23 18:45:28 INFO  no build target found for /Users/egor/airline-fork/airline-data/src/main/scala/com/patson/MainSimulation.scala. Using presentation compiler with project's scala-library version: 3.3.6
2025.11.23 18:45:29 INFO  no build target found for /Users/egor/airline-fork/airline-data/src/main/scala/com/patson/MainSimulation.scala. Using presentation compiler with project's scala-library version: 3.3.6
2025.11.23 18:45:28 INFO  no build target found for /Users/egor/airline-fork/airline-data/src/main/scala/com/patson/MainSimulation.scala. Using presentation compiler with project's scala-library version: 3.3.6
2025.11.23 18:45:28 INFO  no build target found for /Users/egor/airline-fork/airline-data/src/main/scala/com/patson/MainSimulation.scala. Using presentation compiler with project's scala-library version: 3.3.6
2025.11.23 18:45:29 INFO  no build target found for /Users/egor/airline-fork/airline-data/src/main/scala/com/patson/MainSimulation.scala. Using presentation compiler with project's scala-library version: 3.3.6
2025.11.23 18:45:28 INFO  no build target found for /Users/egor/airline-fork/airline-data/src/main/scala/com/patson/MainSimulation.scala. Using presentation compiler with project's scala-library version: 3.3.6
2025.11.23 18:45:28 INFO  no build target found for /Users/egor/airline-fork/airline-data/src/main/scala/com/patson/MainSimulation.scala. Using presentation compiler with project's scala-library version: 3.3.6
2025.11.23 18:45:28 INFO  no build target found for /Users/egor/airline-fork/airline-data/src/main/scala/com/patson/MainSimulation.scala. Using presentation compiler with project's scala-library version: 3.3.6
2025.11.23 18:45:29 INFO  no build target found for /Users/egor/airline-fork/airline-data/src/main/scala/com/patson/MainSimulation.scala. Using presentation compiler with project's scala-library version: 3.3.6
2025.11.23 18:45:28 INFO  no build target found for /Users/egor/airline-fork/airline-data/src/main/scala/com/patson/MainSimulation.scala. Using presentation compiler with project's scala-library version: 3.3.6
2025.11.23 18:45:30 INFO  no build target found for /Users/egor/airline-fork/airline-data/src/main/scala/com/patson/MainSimulation.scala. Using presentation compiler with project's scala-library version: 3.3.6
2025.11.23 18:45:30 INFO  no build target found for /Users/egor/airline-fork/airline-data/src/main/scala/com/patson/MainSimulation.scala. Using presentation compiler with project's scala-library version: 3.3.6
2025.11.23 18:45:30 INFO  no build target found for /Users/egor/airline-fork/airline-data/src/main/scala/com/patson/MainSimulation.scala. Using presentation compiler with project's scala-library version: 3.3.6
2025.11.23 18:45:30 INFO  no build target found for /Users/egor/airline-fork/airline-data/src/main/scala/com/patson/MainSimulation.scala. Using presentation compiler with project's scala-library version: 3.3.6
2025.11.23 18:45:30 INFO  no build target found for /Users/egor/airline-fork/airline-data/src/main/scala/com/patson/MainSimulation.scala. Using presentation compiler with project's scala-library version: 3.3.6
2025.11.23 18:45:30 INFO  no build target found for /Users/egor/airline-fork/airline-data/src/main/scala/com/patson/MainSimulation.scala. Using presentation compiler with project's scala-library version: 3.3.6
2025.11.23 18:45:30 INFO  no build target found for /Users/egor/airline-fork/airline-data/src/main/scala/com/patson/MainSimulation.scala. Using presentation compiler with project's scala-library version: 3.3.6
2025.11.23 18:45:30 INFO  no build target found for /Users/egor/airline-fork/airline-data/src/main/scala/com/patson/MainSimulation.scala. Using presentation compiler with project's scala-library version: 3.3.6
2025.11.23 18:45:30 INFO  no build target found for /Users/egor/airline-fork/airline-data/src/main/scala/com/patson/MainSimulation.scala. Using presentation compiler with project's scala-library version: 3.3.6
2025.11.23 18:45:31 INFO  no build target found for /Users/egor/airline-fork/airline-data/src/main/scala/com/patson/MainSimulation.scala. Using presentation compiler with project's scala-library version: 3.3.6
2025.11.23 18:45:31 INFO  no build target found for /Users/egor/airline-fork/airline-data/src/main/scala/com/patson/MainSimulation.scala. Using presentation compiler with project's scala-library version: 3.3.6
2025.11.23 18:45:31 INFO  no build target found for /Users/egor/airline-fork/airline-data/src/main/scala/com/patson/MainSimulation.scala. Using presentation compiler with project's scala-library version: 3.3.6
2025.11.23 18:45:31 INFO  no build target found for /Users/egor/airline-fork/airline-data/src/main/scala/com/patson/MainSimulation.scala. Using presentation compiler with project's scala-library version: 3.3.6
2025.11.23 18:45:32 INFO  no build target found for /Users/egor/airline-fork/airline-data/src/main/scala/com/patson/MainSimulation.scala. Using presentation compiler with project's scala-library version: 3.3.6
2025.11.23 18:45:32 INFO  no build target found for /Users/egor/airline-fork/airline-data/src/main/scala/com/patson/MainSimulation.scala. Using presentation compiler with project's scala-library version: 3.3.6
2025.11.23 18:45:32 INFO  no build target found for /Users/egor/airline-fork/airline-data/src/main/scala/com/patson/MainSimulation.scala. Using presentation compiler with project's scala-library version: 3.3.6
2025.11.23 18:45:32 INFO  no build target found for /Users/egor/airline-fork/airline-data/src/main/scala/com/patson/MainSimulation.scala. Using presentation compiler with project's scala-library version: 3.3.6
2025.11.23 18:45:32 INFO  no build target found for /Users/egor/airline-fork/airline-data/src/main/scala/com/patson/MainSimulation.scala. Using presentation compiler with project's scala-library version: 3.3.6
2025.11.23 18:45:32 INFO  no build target found for /Users/egor/airline-fork/airline-data/src/main/scala/com/patson/MainSimulation.scala. Using presentation compiler with project's scala-library version: 3.3.6
2025.11.23 18:45:32 INFO  no build target found for /Users/egor/airline-fork/airline-data/src/main/scala/com/patson/MainSimulation.scala. Using presentation compiler with project's scala-library version: 3.3.6
2025.11.23 18:45:32 INFO  no build target found for /Users/egor/airline-fork/airline-data/src/main/scala/com/patson/MainSimulation.scala. Using presentation compiler with project's scala-library version: 3.3.6
2025.11.23 18:45:33 INFO  no build target found for /Users/egor/airline-fork/airline-data/src/main/scala/com/patson/MainSimulation.scala. Using presentation compiler with project's scala-library version: 3.3.6
2025.11.23 18:45:33 INFO  no build target found for /Users/egor/airline-fork/airline-data/src/main/scala/com/patson/MainSimulation.scala. Using presentation compiler with project's scala-library version: 3.3.6
2025.11.23 18:45:33 INFO  no build target found for /Users/egor/airline-fork/airline-data/src/main/scala/com/patson/MainSimulation.scala. Using presentation compiler with project's scala-library version: 3.3.6
2025.11.23 18:45:33 INFO  no build target found for /Users/egor/airline-fork/airline-data/src/main/scala/com/patson/MainSimulation.scala. Using presentation compiler with project's scala-library version: 3.3.6
2025.11.23 18:45:34 INFO  no build target found for /Users/egor/airline-fork/airline-data/src/main/scala/com/patson/MainSimulation.scala. Using presentation compiler with project's scala-library version: 3.3.6
2025.11.23 18:45:34 INFO  no build target found for /Users/egor/airline-fork/airline-data/src/main/scala/com/patson/MainSimulation.scala. Using presentation compiler with project's scala-library version: 3.3.6
2025.11.23 18:45:34 INFO  no build target found for /Users/egor/airline-fork/airline-data/src/main/scala/com/patson/MainSimulation.scala. Using presentation compiler with project's scala-library version: 3.3.6
2025.11.23 18:45:34 INFO  no build target found for /Users/egor/airline-fork/airline-data/src/main/scala/com/patson/MainSimulation.scala. Using presentation compiler with project's scala-library version: 3.3.6
2025.11.23 18:45:34 INFO  no build target found for /Users/egor/airline-fork/airline-data/src/main/scala/com/patson/MainSimulation.scala. Using presentation compiler with project's scala-library version: 3.3.6
2025.11.23 18:45:35 INFO  no build target found for /Users/egor/airline-fork/airline-data/src/main/scala/com/patson/MainSimulation.scala. Using presentation compiler with project's scala-library version: 3.3.6
2025.11.23 18:45:35 INFO  no build target found for /Users/egor/airline-fork/airline-data/src/main/scala/com/patson/MainSimulation.scala. Using presentation compiler with project's scala-library version: 3.3.6
2025.11.23 18:45:34 INFO  no build target found for /Users/egor/airline-fork/airline-data/src/main/scala/com/patson/MainSimulation.scala. Using presentation compiler with project's scala-library version: 3.3.6
2025.11.23 18:45:34 INFO  no build target found for /Users/egor/airline-fork/airline-data/src/main/scala/com/patson/MainSimulation.scala. Using presentation compiler with project's scala-library version: 3.3.6
2025.11.23 18:45:37 WARN  no build target for: /Users/egor/airline-fork/airline-data/src/main/scala/com/patson/MainSimulation.scala
2025.11.23 18:45:37 INFO  no build target found for /Users/egor/airline-fork/airline-data/src/main/scala/com/patson/MainSimulation.scala. Using presentation compiler with project's scala-library version: 3.3.6
2025.11.23 18:45:38 INFO  no build target found for /Users/egor/airline-fork/airline-data/src/main/scala/com/patson/MainSimulation.scala. Using presentation compiler with project's scala-library version: 3.3.6
2025.11.23 18:46:16 WARN  no build target for: /Users/egor/airline-fork/airline-web/app/controllers/AirportAssetApplication.scala
2025.11.23 18:46:16 INFO  no build target found for /Users/egor/airline-fork/airline-web/app/controllers/AirportAssetApplication.scala. Using presentation compiler with project's scala-library version: 3.3.6
2025.11.23 18:46:16 INFO  no build target found for /Users/egor/airline-fork/airline-web/app/controllers/AirportAssetApplication.scala. Using presentation compiler with project's scala-library version: 3.3.6
2025.11.23 18:46:16 INFO  no build target found for /Users/egor/airline-fork/airline-web/app/controllers/AirportAssetApplication.scala. Using presentation compiler with project's scala-library version: 3.3.6
2025.11.23 18:46:16 INFO  no build target found for /Users/egor/airline-fork/airline-web/app/controllers/AirportAssetApplication.scala. Using presentation compiler with project's scala-library version: 3.3.6
2025.11.23 18:46:17 INFO  no build target found for /Users/egor/airline-fork/airline-web/app/controllers/AirportAssetApplication.scala. Using presentation compiler with project's scala-library version: 3.3.6
2025.11.23 18:46:17 INFO  no build target found for /Users/egor/airline-fork/airline-web/app/controllers/AirportAssetApplication.scala. Using presentation compiler with project's scala-library version: 3.3.6
2025.11.23 18:46:18 INFO  no build target found for /Users/egor/airline-fork/airline-web/app/controllers/AirportAssetApplication.scala. Using presentation compiler with project's scala-library version: 3.3.6
2025.11.23 18:46:20 INFO  no build target found for /Users/egor/airline-fork/airline-web/app/controllers/AirportAssetApplication.scala. Using presentation compiler with project's scala-library version: 3.3.6
2025.11.23 18:46:20 INFO  no build target found for /Users/egor/airline-fork/airline-web/app/controllers/AirportAssetApplication.scala. Using presentation compiler with project's scala-library version: 3.3.6
2025.11.23 18:46:20 INFO  no build target found for /Users/egor/airline-fork/airline-web/app/controllers/AirportAssetApplication.scala. Using presentation compiler with project's scala-library version: 3.3.6
2025.11.23 18:46:20 INFO  no build target found for /Users/egor/airline-fork/airline-web/app/controllers/AirportAssetApplication.scala. Using presentation compiler with project's scala-library version: 3.3.6
2025.11.23 18:46:21 WARN  no build target for: /Users/egor/airline-fork/airline-web/app/controllers/AirportAssetApplication.scala
2025.11.23 18:46:21 INFO  no build target found for /Users/egor/airline-fork/airline-web/app/controllers/AirportAssetApplication.scala. Using presentation compiler with project's scala-library version: 3.3.6
2025.11.23 18:46:25 WARN  no build target for: /Users/egor/airline-fork/airline-data/src/main/scala/com/patson/MainSimulation.scala
2025.11.23 18:46:25 INFO  no build target found for /Users/egor/airline-fork/airline-data/src/main/scala/com/patson/MainSimulation.scala. Using presentation compiler with project's scala-library version: 3.3.6
2025.11.23 18:46:28 WARN  no build target for: /Users/egor/airline-fork/airline-web/app/controllers/AirplaneApplication.scala
2025.11.23 18:46:28 INFO  no build target found for /Users/egor/airline-fork/airline-web/app/controllers/AirplaneApplication.scala. Using presentation compiler with project's scala-library version: 3.3.6
2025.11.23 18:46:28 INFO  no build target found for /Users/egor/airline-fork/airline-web/app/controllers/AirplaneApplication.scala. Using presentation compiler with project's scala-library version: 3.3.6
2025.11.23 18:46:28 INFO  no build target found for /Users/egor/airline-fork/airline-web/app/controllers/AirplaneApplication.scala. Using presentation compiler with project's scala-library version: 3.3.6
2025.11.23 18:46:28 INFO  no build target found for /Users/egor/airline-fork/airline-web/app/controllers/AirplaneApplication.scala. Using presentation compiler with project's scala-library version: 3.3.6
2025.11.23 18:46:29 INFO  no build target found for /Users/egor/airline-fork/airline-web/app/controllers/AirplaneApplication.scala. Using presentation compiler with project's scala-library version: 3.3.6
2025.11.23 18:47:55 INFO  no build target found for /Users/egor/airline-fork/airline-data/src/main/scala/com/patson/LoanInterestRateSimulation.scala. Using presentation compiler with project's scala-library version: 3.3.6
2025.11.23 18:48:16 INFO  no build target found for /Users/egor/airline-fork/airline-data/src/main/scala/com/patson/MainSimulation.scala. Using presentation compiler with project's scala-library version: 3.3.6
2025.11.23 18:49:16 INFO  no build target found for /Users/egor/airline-fork/airline-web/app/controllers/AirportAssetApplication.scala. Using presentation compiler with project's scala-library version: 3.3.6
2025.11.23 18:55:00 INFO  no build target found for /Users/egor/airline-fork/airline-data/src/main/scala/com/patson/init/GenericTransitGenerator.scala. Using presentation compiler with project's scala-library version: 3.3.6
2025.11.23 18:55:00 WARN  no build target for: /Users/egor/airline-fork/airline-data/src/main/scala/com/patson/init/GenericTransitGenerator.scala
2025.11.23 18:55:00 INFO  no build target found for /Users/egor/airline-fork/airline-data/src/main/scala/com/patson/init/GenericTransitGenerator.scala. Using presentation compiler with project's scala-library version: 3.3.6
2025.11.23 18:55:00 INFO  no build target found for /Users/egor/airline-fork/airline-data/src/main/scala/com/patson/init/GenericTransitGenerator.scala. Using presentation compiler with project's scala-library version: 3.3.6
2025.11.23 18:55:00 INFO  no build target found for /Users/egor/airline-fork/airline-data/src/main/scala/com/patson/init/GenericTransitGenerator.scala. Using presentation compiler with project's scala-library version: 3.3.6
2025.11.23 18:55:01 INFO  no build target found for /Users/egor/airline-fork/airline-data/src/main/scala/com/patson/init/GenericTransitGenerator.scala. Using presentation compiler with project's scala-library version: 3.3.6
2025.11.23 18:55:43 INFO  no build target found for /Users/egor/airline-fork/airline-data/src/main/scala/com/patson/init/GenericTransitGenerator.scala. Using presentation compiler with project's scala-library version: 3.3.6
2025.11.23 18:55:43 INFO  no build target found for /Users/egor/airline-fork/airline-data/src/main/scala/com/patson/init/GenericTransitGenerator.scala. Using presentation compiler with project's scala-library version: 3.3.6
2025.11.23 18:55:45 INFO  no build target found for /Users/egor/airline-fork/airline-data/src/main/scala/com/patson/init/GenericTransitGenerator.scala. Using presentation compiler with project's scala-library version: 3.3.6
2025.11.23 18:55:45 INFO  no build target found for /Users/egor/airline-fork/airline-data/src/main/scala/com/patson/init/GenericTransitGenerator.scala. Using presentation compiler with project's scala-library version: 3.3.6
2025.11.23 18:55:46 INFO  no build target found for /Users/egor/airline-fork/airline-data/src/main/scala/com/patson/init/GenericTransitGenerator.scala. Using presentation compiler with project's scala-library version: 3.3.6
2025.11.23 18:55:46 INFO  no build target found for /Users/egor/airline-fork/airline-data/src/main/scala/com/patson/init/GenericTransitGenerator.scala. Using presentation compiler with project's scala-library version: 3.3.6
2025.11.23 18:55:56 INFO  no build target found for /Users/egor/airline-fork/airline-data/src/main/scala/com/patson/init/GenericTransitGenerator.scala. Using presentation compiler with project's scala-library version: 3.3.6
2025.11.23 18:55:59 INFO  no build target found for /Users/egor/airline-fork/airline-data/src/main/scala/com/patson/init/GenericTransitGenerator.scala. Using presentation compiler with project's scala-library version: 3.3.6
2025.11.23 18:55:59 INFO  no build target found for /Users/egor/airline-fork/airline-data/src/main/scala/com/patson/init/GenericTransitGenerator.scala. Using presentation compiler with project's scala-library version: 3.3.6
2025.11.23 18:56:01 INFO  no build target found for /Users/egor/airline-fork/airline-data/src/main/scala/com/patson/init/GenericTransitGenerator.scala. Using presentation compiler with project's scala-library version: 3.3.6
2025.11.23 18:56:01 INFO  no build target found for /Users/egor/airline-fork/airline-data/src/main/scala/com/patson/init/GenericTransitGenerator.scala. Using presentation compiler with project's scala-library version: 3.3.6
2025.11.23 18:56:01 INFO  no build target found for /Users/egor/airline-fork/airline-data/src/main/scala/com/patson/init/GenericTransitGenerator.scala. Using presentation compiler with project's scala-library version: 3.3.6
2025.11.23 18:56:01 INFO  no build target found for /Users/egor/airline-fork/airline-data/src/main/scala/com/patson/init/GenericTransitGenerator.scala. Using presentation compiler with project's scala-library version: 3.3.6
2025.11.23 18:56:01 INFO  no build target found for /Users/egor/airline-fork/airline-data/src/main/scala/com/patson/init/GenericTransitGenerator.scala. Using presentation compiler with project's scala-library version: 3.3.6
2025.11.23 18:56:01 INFO  no build target found for /Users/egor/airline-fork/airline-data/src/main/scala/com/patson/init/GenericTransitGenerator.scala. Using presentation compiler with project's scala-library version: 3.3.6
2025.11.23 18:56:01 INFO  no build target found for /Users/egor/airline-fork/airline-data/src/main/scala/com/patson/init/GenericTransitGenerator.scala. Using presentation compiler with project's scala-library version: 3.3.6
2025.11.23 18:56:02 INFO  no build target found for /Users/egor/airline-fork/airline-data/src/main/scala/com/patson/init/GenericTransitGenerator.scala. Using presentation compiler with project's scala-library version: 3.3.6
2025.11.23 18:56:02 INFO  no build target found for /Users/egor/airline-fork/airline-data/src/main/scala/com/patson/init/GenericTransitGenerator.scala. Using presentation compiler with project's scala-library version: 3.3.6
2025.11.23 18:56:04 INFO  no build target found for /Users/egor/airline-fork/airline-data/src/main/scala/com/patson/init/GenericTransitGenerator.scala. Using presentation compiler with project's scala-library version: 3.3.6
2025.11.23 18:56:04 INFO  no build target found for /Users/egor/airline-fork/airline-data/src/main/scala/com/patson/init/GenericTransitGenerator.scala. Using presentation compiler with project's scala-library version: 3.3.6
2025.11.23 18:56:05 INFO  no build target found for /Users/egor/airline-fork/airline-data/src/main/scala/com/patson/init/GenericTransitGenerator.scala. Using presentation compiler with project's scala-library version: 3.3.6
2025.11.23 18:56:09 INFO  no build target found for /Users/egor/airline-fork/airline-data/src/main/scala/com/patson/init/GenericTransitGenerator.scala. Using presentation compiler with project's scala-library version: 3.3.6
2025.11.23 18:56:09 INFO  no build target found for /Users/egor/airline-fork/airline-data/src/main/scala/com/patson/init/GenericTransitGenerator.scala. Using presentation compiler with project's scala-library version: 3.3.6
2025.11.23 18:56:17 INFO  no build target found for /Users/egor/airline-fork/airline-data/src/main/scala/com/patson/init/GenericTransitGenerator.scala. Using presentation compiler with project's scala-library version: 3.3.6
2025.11.23 18:56:17 INFO  no build target found for /Users/egor/airline-fork/airline-data/src/main/scala/com/patson/init/GenericTransitGenerator.scala. Using presentation compiler with project's scala-library version: 3.3.6
2025.11.23 18:56:19 INFO  no build target found for /Users/egor/airline-fork/airline-data/src/main/scala/com/patson/init/GenericTransitGenerator.scala. Using presentation compiler with project's scala-library version: 3.3.6
2025.11.23 18:56:19 INFO  no build target found for /Users/egor/airline-fork/airline-data/src/main/scala/com/patson/init/GenericTransitGenerator.scala. Using presentation compiler with project's scala-library version: 3.3.6
2025.11.23 18:56:19 INFO  no build target found for /Users/egor/airline-fork/airline-data/src/main/scala/com/patson/init/GenericTransitGenerator.scala. Using presentation compiler with project's scala-library version: 3.3.6
2025.11.23 18:56:21 INFO  no build target found for /Users/egor/airline-fork/airline-data/src/main/scala/com/patson/init/GenericTransitGenerator.scala. Using presentation compiler with project's scala-library version: 3.3.6
2025.11.23 18:56:21 INFO  no build target found for /Users/egor/airline-fork/airline-data/src/main/scala/com/patson/init/GenericTransitGenerator.scala. Using presentation compiler with project's scala-library version: 3.3.6
2025.11.23 18:56:23 INFO  no build target found for /Users/egor/airline-fork/airline-data/src/main/scala/com/patson/init/GenericTransitGenerator.scala. Using presentation compiler with project's scala-library version: 3.3.6
2025.11.23 18:56:23 INFO  no build target found for /Users/egor/airline-fork/airline-data/src/main/scala/com/patson/init/GenericTransitGenerator.scala. Using presentation compiler with project's scala-library version: 3.3.6
2025.11.23 18:56:25 INFO  no build target found for /Users/egor/airline-fork/airline-data/src/main/scala/com/patson/init/GenericTransitGenerator.scala. Using presentation compiler with project's scala-library version: 3.3.6
2025.11.23 18:56:25 INFO  no build target found for /Users/egor/airline-fork/airline-data/src/main/scala/com/patson/init/GenericTransitGenerator.scala. Using presentation compiler with project's scala-library version: 3.3.6
2025.11.23 18:56:25 INFO  no build target found for /Users/egor/airline-fork/airline-data/src/main/scala/com/patson/init/GenericTransitGenerator.scala. Using presentation compiler with project's scala-library version: 3.3.6
2025.11.23 18:56:26 INFO  no build target found for /Users/egor/airline-fork/airline-data/src/main/scala/com/patson/init/GenericTransitGenerator.scala. Using presentation compiler with project's scala-library version: 3.3.6
2025.11.23 18:56:26 INFO  no build target found for /Users/egor/airline-fork/airline-data/src/main/scala/com/patson/init/GenericTransitGenerator.scala. Using presentation compiler with project's scala-library version: 3.3.6
2025.11.23 18:56:27 INFO  no build target found for /Users/egor/airline-fork/airline-data/src/main/scala/com/patson/init/GenericTransitGenerator.scala. Using presentation compiler with project's scala-library version: 3.3.6
2025.11.23 18:56:27 INFO  no build target found for /Users/egor/airline-fork/airline-data/src/main/scala/com/patson/init/GenericTransitGenerator.scala. Using presentation compiler with project's scala-library version: 3.3.6
2025.11.23 18:56:27 INFO  no build target found for /Users/egor/airline-fork/airline-data/src/main/scala/com/patson/init/GenericTransitGenerator.scala. Using presentation compiler with project's scala-library version: 3.3.6
2025.11.23 18:56:29 INFO  no build target found for /Users/egor/airline-fork/airline-data/src/main/scala/com/patson/init/GenericTransitGenerator.scala. Using presentation compiler with project's scala-library version: 3.3.6
2025.11.23 18:56:30 INFO  no build target found for /Users/egor/airline-fork/airline-data/src/main/scala/com/patson/init/GenericTransitGenerator.scala. Using presentation compiler with project's scala-library version: 3.3.6
2025.11.23 18:56:30 INFO  no build target found for /Users/egor/airline-fork/airline-data/src/main/scala/com/patson/init/GenericTransitGenerator.scala. Using presentation compiler with project's scala-library version: 3.3.6
2025.11.23 18:56:32 INFO  no build target found for /Users/egor/airline-fork/airline-data/src/main/scala/com/patson/init/GenericTransitGenerator.scala. Using presentation compiler with project's scala-library version: 3.3.6
2025.11.23 18:56:32 INFO  no build target found for /Users/egor/airline-fork/airline-data/src/main/scala/com/patson/init/GenericTransitGenerator.scala. Using presentation compiler with project's scala-library version: 3.3.6
2025.11.23 18:56:32 INFO  no build target found for /Users/egor/airline-fork/airline-data/src/main/scala/com/patson/init/GenericTransitGenerator.scala. Using presentation compiler with project's scala-library version: 3.3.6
2025.11.23 18:56:32 INFO  no build target found for /Users/egor/airline-fork/airline-data/src/main/scala/com/patson/init/GenericTransitGenerator.scala. Using presentation compiler with project's scala-library version: 3.3.6
2025.11.23 18:56:33 INFO  no build target found for /Users/egor/airline-fork/airline-data/src/main/scala/com/patson/init/GenericTransitGenerator.scala. Using presentation compiler with project's scala-library version: 3.3.6
2025.11.23 18:56:34 INFO  no build target found for /Users/egor/airline-fork/airline-data/src/main/scala/com/patson/init/GenericTransitGenerator.scala. Using presentation compiler with project's scala-library version: 3.3.6
2025.11.23 18:56:34 INFO  no build target found for /Users/egor/airline-fork/airline-data/src/main/scala/com/patson/init/GenericTransitGenerator.scala. Using presentation compiler with project's scala-library version: 3.3.6
2025.11.23 18:56:41 INFO  no build target found for /Users/egor/airline-fork/airline-data/src/main/scala/com/patson/init/GenericTransitGenerator.scala. Using presentation compiler with project's scala-library version: 3.3.6
2025.11.23 18:56:43 INFO  no build target found for /Users/egor/airline-fork/airline-data/src/main/scala/com/patson/init/GenericTransitGenerator.scala. Using presentation compiler with project's scala-library version: 3.3.6
2025.11.23 18:56:43 INFO  no build target found for /Users/egor/airline-fork/airline-data/src/main/scala/com/patson/init/GenericTransitGenerator.scala. Using presentation compiler with project's scala-library version: 3.3.6
2025.11.23 18:56:43 INFO  no build target found for /Users/egor/airline-fork/airline-data/src/main/scala/com/patson/init/GenericTransitGenerator.scala. Using presentation compiler with project's scala-library version: 3.3.6
2025.11.23 18:56:44 INFO  no build target found for /Users/egor/airline-fork/airline-data/src/main/scala/com/patson/init/GenericTransitGenerator.scala. Using presentation compiler with project's scala-library version: 3.3.6
2025.11.23 18:56:44 INFO  no build target found for /Users/egor/airline-fork/airline-data/src/main/scala/com/patson/init/GenericTransitGenerator.scala. Using presentation compiler with project's scala-library version: 3.3.6
2025.11.23 18:56:45 INFO  no build target found for /Users/egor/airline-fork/airline-data/src/main/scala/com/patson/init/GenericTransitGenerator.scala. Using presentation compiler with project's scala-library version: 3.3.6
2025.11.23 18:56:45 INFO  no build target found for /Users/egor/airline-fork/airline-data/src/main/scala/com/patson/init/GenericTransitGenerator.scala. Using presentation compiler with project's scala-library version: 3.3.6
2025.11.23 18:56:45 INFO  no build target found for /Users/egor/airline-fork/airline-data/src/main/scala/com/patson/init/GenericTransitGenerator.scala. Using presentation compiler with project's scala-library version: 3.3.6
2025.11.23 18:56:45 INFO  no build target found for /Users/egor/airline-fork/airline-data/src/main/scala/com/patson/init/GenericTransitGenerator.scala. Using presentation compiler with project's scala-library version: 3.3.6
2025.11.23 18:56:45 INFO  Created report: Optional[file:///Users/egor/airline-fork/airline-data/src/main/scala/com/patson/init/GenericTransitGenerator.scala]
2025.11.23 18:56:45 INFO  empty definition using pc, found symbol in pc: `<none>`. (full report at: "/Users/egor/airline-fork/.metals/.reports/metals-full/2025-11-23/r_empty-definition_18-56-45-646.md")
2025.11.23 18:56:45 INFO  no build target found for /Users/egor/airline-fork/airline-data/src/main/scala/com/patson/init/GenericTransitGenerator.scala. Using presentation compiler with project's scala-library version: 3.3.6
2025.11.23 18:56:45 INFO  no build target found for /Users/egor/airline-fork/airline-data/src/main/scala/com/patson/init/GenericTransitGenerator.scala. Using presentation compiler with project's scala-library version: 3.3.6
2025.11.23 18:56:45 INFO  no build target found for /Users/egor/airline-fork/airline-data/src/main/scala/com/patson/init/GenericTransitGenerator.scala. Using presentation compiler with project's scala-library version: 3.3.6
2025.11.23 18:56:45 INFO  no build target found for /Users/egor/airline-fork/airline-data/src/main/scala/com/patson/init/GenericTransitGenerator.scala. Using presentation compiler with project's scala-library version: 3.3.6
2025.11.23 18:56:45 INFO  no build target found for /Users/egor/airline-fork/airline-data/src/main/scala/com/patson/init/GenericTransitGenerator.scala. Using presentation compiler with project's scala-library version: 3.3.6
2025.11.23 18:56:45 INFO  no build target found for /Users/egor/airline-fork/airline-data/src/main/scala/com/patson/init/GenericTransitGenerator.scala. Using presentation compiler with project's scala-library version: 3.3.6
2025.11.23 18:56:47 INFO  no build target found for /Users/egor/airline-fork/airline-data/src/main/scala/com/patson/init/GenericTransitGenerator.scala. Using presentation compiler with project's scala-library version: 3.3.6
2025.11.23 18:56:47 INFO  no build target found for /Users/egor/airline-fork/airline-data/src/main/scala/com/patson/init/GenericTransitGenerator.scala. Using presentation compiler with project's scala-library version: 3.3.6
2025.11.23 18:56:47 INFO  no build target found for /Users/egor/airline-fork/airline-data/src/main/scala/com/patson/init/GenericTransitGenerator.scala. Using presentation compiler with project's scala-library version: 3.3.6
2025.11.23 18:56:47 INFO  no build target found for /Users/egor/airline-fork/airline-data/src/main/scala/com/patson/init/GenericTransitGenerator.scala. Using presentation compiler with project's scala-library version: 3.3.6
2025.11.23 18:56:47 INFO  no build target found for /Users/egor/airline-fork/airline-data/src/main/scala/com/patson/init/GenericTransitGenerator.scala. Using presentation compiler with project's scala-library version: 3.3.6
2025.11.23 18:56:47 INFO  no build target found for /Users/egor/airline-fork/airline-data/src/main/scala/com/patson/init/GenericTransitGenerator.scala. Using presentation compiler with project's scala-library version: 3.3.6
2025.11.23 18:56:47 INFO  no build target found for /Users/egor/airline-fork/airline-data/src/main/scala/com/patson/init/GenericTransitGenerator.scala. Using presentation compiler with project's scala-library version: 3.3.6
2025.11.23 18:56:48 INFO  no build target found for /Users/egor/airline-fork/airline-data/src/main/scala/com/patson/init/GenericTransitGenerator.scala. Using presentation compiler with project's scala-library version: 3.3.6
2025.11.23 18:56:48 INFO  no build target found for /Users/egor/airline-fork/airline-data/src/main/scala/com/patson/init/GenericTransitGenerator.scala. Using presentation compiler with project's scala-library version: 3.3.6
2025.11.23 18:56:49 INFO  no build target found for /Users/egor/airline-fork/airline-data/src/main/scala/com/patson/init/GenericTransitGenerator.scala. Using presentation compiler with project's scala-library version: 3.3.6
2025.11.23 18:56:49 INFO  no build target found for /Users/egor/airline-fork/airline-data/src/main/scala/com/patson/init/GenericTransitGenerator.scala. Using presentation compiler with project's scala-library version: 3.3.6
2025.11.23 18:56:49 INFO  no build target found for /Users/egor/airline-fork/airline-data/src/main/scala/com/patson/init/GenericTransitGenerator.scala. Using presentation compiler with project's scala-library version: 3.3.6
2025.11.23 18:56:49 INFO  no build target found for /Users/egor/airline-fork/airline-data/src/main/scala/com/patson/init/GenericTransitGenerator.scala. Using presentation compiler with project's scala-library version: 3.3.6
2025.11.23 18:56:49 INFO  no build target found for /Users/egor/airline-fork/airline-data/src/main/scala/com/patson/init/GenericTransitGenerator.scala. Using presentation compiler with project's scala-library version: 3.3.6
2025.11.23 18:56:49 INFO  no build target found for /Users/egor/airline-fork/airline-data/src/main/scala/com/patson/init/GenericTransitGenerator.scala. Using presentation compiler with project's scala-library version: 3.3.6
2025.11.23 18:56:50 INFO  no build target found for /Users/egor/airline-fork/airline-data/src/main/scala/com/patson/init/GenericTransitGenerator.scala. Using presentation compiler with project's scala-library version: 3.3.6
2025.11.23 18:56:50 INFO  no build target found for /Users/egor/airline-fork/airline-data/src/main/scala/com/patson/init/GenericTransitGenerator.scala. Using presentation compiler with project's scala-library version: 3.3.6
2025.11.23 18:56:50 INFO  no build target found for /Users/egor/airline-fork/airline-data/src/main/scala/com/patson/init/GenericTransitGenerator.scala. Using presentation compiler with project's scala-library version: 3.3.6
2025.11.23 18:56:51 INFO  no build target found for /Users/egor/airline-fork/airline-data/src/main/scala/com/patson/init/GenericTransitGenerator.scala. Using presentation compiler with project's scala-library version: 3.3.6
2025.11.23 18:56:51 INFO  no build target found for /Users/egor/airline-fork/airline-data/src/main/scala/com/patson/init/GenericTransitGenerator.scala. Using presentation compiler with project's scala-library version: 3.3.6
2025.11.23 18:56:53 INFO  no build target found for /Users/egor/airline-fork/airline-data/src/main/scala/com/patson/init/GenericTransitGenerator.scala. Using presentation compiler with project's scala-library version: 3.3.6
2025.11.23 18:56:53 INFO  no build target found for /Users/egor/airline-fork/airline-data/src/main/scala/com/patson/init/GenericTransitGenerator.scala. Using presentation compiler with project's scala-library version: 3.3.6
2025.11.23 18:56:53 INFO  no build target found for /Users/egor/airline-fork/airline-data/src/main/scala/com/patson/init/GenericTransitGenerator.scala. Using presentation compiler with project's scala-library version: 3.3.6
2025.11.23 18:56:54 INFO  no build target found for /Users/egor/airline-fork/airline-data/src/main/scala/com/patson/init/GenericTransitGenerator.scala. Using presentation compiler with project's scala-library version: 3.3.6
2025.11.23 18:56:54 INFO  no build target found for /Users/egor/airline-fork/airline-data/src/main/scala/com/patson/init/GenericTransitGenerator.scala. Using presentation compiler with project's scala-library version: 3.3.6
2025.11.23 18:56:56 INFO  no build target found for /Users/egor/airline-fork/airline-data/src/main/scala/com/patson/init/GenericTransitGenerator.scala. Using presentation compiler with project's scala-library version: 3.3.6
2025.11.23 18:56:56 INFO  no build target found for /Users/egor/airline-fork/airline-data/src/main/scala/com/patson/init/GenericTransitGenerator.scala. Using presentation compiler with project's scala-library version: 3.3.6
2025.11.23 18:56:56 INFO  no build target found for /Users/egor/airline-fork/airline-data/src/main/scala/com/patson/init/GenericTransitGenerator.scala. Using presentation compiler with project's scala-library version: 3.3.6
2025.11.23 18:56:58 INFO  no build target found for /Users/egor/airline-fork/airline-data/src/main/scala/com/patson/init/GenericTransitGenerator.scala. Using presentation compiler with project's scala-library version: 3.3.6
2025.11.23 18:56:59 INFO  no build target found for /Users/egor/airline-fork/airline-data/src/main/scala/com/patson/init/GenericTransitGenerator.scala. Using presentation compiler with project's scala-library version: 3.3.6
2025.11.23 18:56:59 INFO  no build target found for /Users/egor/airline-fork/airline-data/src/main/scala/com/patson/init/GenericTransitGenerator.scala. Using presentation compiler with project's scala-library version: 3.3.6
2025.11.23 18:57:03 INFO  no build target found for /Users/egor/airline-fork/airline-data/src/main/scala/com/patson/init/GenericTransitGenerator.scala. Using presentation compiler with project's scala-library version: 3.3.6
2025.11.23 18:57:05 INFO  no build target found for /Users/egor/airline-fork/airline-data/src/main/scala/com/patson/init/GenericTransitGenerator.scala. Using presentation compiler with project's scala-library version: 3.3.6
2025.11.23 18:57:06 INFO  no build target found for /Users/egor/airline-fork/airline-data/src/main/scala/com/patson/init/GenericTransitGenerator.scala. Using presentation compiler with project's scala-library version: 3.3.6
2025.11.23 18:57:06 INFO  no build target found for /Users/egor/airline-fork/airline-data/src/main/scala/com/patson/init/GenericTransitGenerator.scala. Using presentation compiler with project's scala-library version: 3.3.6
2025.11.23 18:57:10 INFO  no build target found for /Users/egor/airline-fork/airline-data/src/main/scala/com/patson/init/GenericTransitGenerator.scala. Using presentation compiler with project's scala-library version: 3.3.6
2025.11.23 18:57:10 INFO  no build target found for /Users/egor/airline-fork/airline-data/src/main/scala/com/patson/init/GenericTransitGenerator.scala. Using presentation compiler with project's scala-library version: 3.3.6
2025.11.23 18:57:10 INFO  no build target found for /Users/egor/airline-fork/airline-data/src/main/scala/com/patson/init/GenericTransitGenerator.scala. Using presentation compiler with project's scala-library version: 3.3.6
2025.11.23 18:57:10 INFO  no build target found for /Users/egor/airline-fork/airline-data/src/main/scala/com/patson/init/GenericTransitGenerator.scala. Using presentation compiler with project's scala-library version: 3.3.6
2025.11.23 18:57:10 INFO  no build target found for /Users/egor/airline-fork/airline-data/src/main/scala/com/patson/init/GenericTransitGenerator.scala. Using presentation compiler with project's scala-library version: 3.3.6
2025.11.23 18:57:12 INFO  no build target found for /Users/egor/airline-fork/airline-data/src/main/scala/com/patson/init/GenericTransitGenerator.scala. Using presentation compiler with project's scala-library version: 3.3.6
2025.11.23 18:57:12 INFO  no build target found for /Users/egor/airline-fork/airline-data/src/main/scala/com/patson/init/GenericTransitGenerator.scala. Using presentation compiler with project's scala-library version: 3.3.6
2025.11.23 18:57:12 INFO  no build target found for /Users/egor/airline-fork/airline-data/src/main/scala/com/patson/init/GenericTransitGenerator.scala. Using presentation compiler with project's scala-library version: 3.3.6
2025.11.23 18:57:12 INFO  no build target found for /Users/egor/airline-fork/airline-data/src/main/scala/com/patson/init/GenericTransitGenerator.scala. Using presentation compiler with project's scala-library version: 3.3.6
2025.11.23 18:57:12 INFO  no build target found for /Users/egor/airline-fork/airline-data/src/main/scala/com/patson/init/GenericTransitGenerator.scala. Using presentation compiler with project's scala-library version: 3.3.6
2025.11.23 18:57:13 INFO  no build target found for /Users/egor/airline-fork/airline-data/src/main/scala/com/patson/init/GenericTransitGenerator.scala. Using presentation compiler with project's scala-library version: 3.3.6
2025.11.23 18:57:13 INFO  no build target found for /Users/egor/airline-fork/airline-data/src/main/scala/com/patson/init/GenericTransitGenerator.scala. Using presentation compiler with project's scala-library version: 3.3.6
2025.11.23 18:57:15 INFO  no build target found for /Users/egor/airline-fork/airline-data/src/main/scala/com/patson/init/GenericTransitGenerator.scala. Using presentation compiler with project's scala-library version: 3.3.6
2025.11.23 18:57:15 INFO  no build target found for /Users/egor/airline-fork/airline-data/src/main/scala/com/patson/init/GenericTransitGenerator.scala. Using presentation compiler with project's scala-library version: 3.3.6
2025.11.23 18:57:17 INFO  no build target found for /Users/egor/airline-fork/airline-data/src/main/scala/com/patson/init/GenericTransitGenerator.scala. Using presentation compiler with project's scala-library version: 3.3.6
2025.11.23 18:57:17 INFO  no build target found for /Users/egor/airline-fork/airline-data/src/main/scala/com/patson/init/GenericTransitGenerator.scala. Using presentation compiler with project's scala-library version: 3.3.6
2025.11.23 18:57:19 INFO  no build target found for /Users/egor/airline-fork/airline-data/src/main/scala/com/patson/init/GenericTransitGenerator.scala. Using presentation compiler with project's scala-library version: 3.3.6
2025.11.23 18:57:19 INFO  no build target found for /Users/egor/airline-fork/airline-data/src/main/scala/com/patson/init/GenericTransitGenerator.scala. Using presentation compiler with project's scala-library version: 3.3.6
2025.11.23 18:57:20 INFO  no build target found for /Users/egor/airline-fork/airline-data/src/main/scala/com/patson/init/GenericTransitGenerator.scala. Using presentation compiler with project's scala-library version: 3.3.6
2025.11.23 18:57:21 INFO  no build target found for /Users/egor/airline-fork/airline-data/src/main/scala/com/patson/init/GenericTransitGenerator.scala. Using presentation compiler with project's scala-library version: 3.3.6
2025.11.23 18:57:21 INFO  no build target found for /Users/egor/airline-fork/airline-data/src/main/scala/com/patson/init/GenericTransitGenerator.scala. Using presentation compiler with project's scala-library version: 3.3.6
2025.11.23 18:57:21 INFO  no build target found for /Users/egor/airline-fork/airline-data/src/main/scala/com/patson/init/GenericTransitGenerator.scala. Using presentation compiler with project's scala-library version: 3.3.6
2025.11.23 18:57:21 INFO  no build target found for /Users/egor/airline-fork/airline-data/src/main/scala/com/patson/init/GenericTransitGenerator.scala. Using presentation compiler with project's scala-library version: 3.3.6
2025.11.23 18:57:21 INFO  no build target found for /Users/egor/airline-fork/airline-data/src/main/scala/com/patson/init/GenericTransitGenerator.scala. Using presentation compiler with project's scala-library version: 3.3.6
2025.11.23 18:57:23 INFO  no build target found for /Users/egor/airline-fork/airline-data/src/main/scala/com/patson/init/GenericTransitGenerator.scala. Using presentation compiler with project's scala-library version: 3.3.6
2025.11.23 18:57:23 INFO  no build target found for /Users/egor/airline-fork/airline-data/src/main/scala/com/patson/init/GenericTransitGenerator.scala. Using presentation compiler with project's scala-library version: 3.3.6
2025.11.23 18:57:23 INFO  no build target found for /Users/egor/airline-fork/airline-data/src/main/scala/com/patson/init/GenericTransitGenerator.scala. Using presentation compiler with project's scala-library version: 3.3.6
2025.11.23 18:57:23 INFO  no build target found for /Users/egor/airline-fork/airline-data/src/main/scala/com/patson/init/GenericTransitGenerator.scala. Using presentation compiler with project's scala-library version: 3.3.6
2025.11.23 18:57:23 INFO  no build target found for /Users/egor/airline-fork/airline-data/src/main/scala/com/patson/init/GenericTransitGenerator.scala. Using presentation compiler with project's scala-library version: 3.3.6
2025.11.23 18:57:23 INFO  no build target found for /Users/egor/airline-fork/airline-data/src/main/scala/com/patson/init/GenericTransitGenerator.scala. Using presentation compiler with project's scala-library version: 3.3.6
2025.11.23 18:57:23 INFO  no build target found for /Users/egor/airline-fork/airline-data/src/main/scala/com/patson/init/GenericTransitGenerator.scala. Using presentation compiler with project's scala-library version: 3.3.6
2025.11.23 18:57:23 INFO  no build target found for /Users/egor/airline-fork/airline-data/src/main/scala/com/patson/init/GenericTransitGenerator.scala. Using presentation compiler with project's scala-library version: 3.3.6
2025.11.23 18:57:25 INFO  no build target found for /Users/egor/airline-fork/airline-data/src/main/scala/com/patson/init/GenericTransitGenerator.scala. Using presentation compiler with project's scala-library version: 3.3.6
2025.11.23 18:57:25 INFO  no build target found for /Users/egor/airline-fork/airline-data/src/main/scala/com/patson/init/GenericTransitGenerator.scala. Using presentation compiler with project's scala-library version: 3.3.6
2025.11.23 18:57:25 INFO  no build target found for /Users/egor/airline-fork/airline-data/src/main/scala/com/patson/init/GenericTransitGenerator.scala. Using presentation compiler with project's scala-library version: 3.3.6
2025.11.23 18:57:25 INFO  no build target found for /Users/egor/airline-fork/airline-data/src/main/scala/com/patson/init/GenericTransitGenerator.scala. Using presentation compiler with project's scala-library version: 3.3.6
2025.11.23 18:57:25 INFO  no build target found for /Users/egor/airline-fork/airline-data/src/main/scala/com/patson/init/GenericTransitGenerator.scala. Using presentation compiler with project's scala-library version: 3.3.6
2025.11.23 18:57:25 INFO  no build target found for /Users/egor/airline-fork/airline-data/src/main/scala/com/patson/init/GenericTransitGenerator.scala. Using presentation compiler with project's scala-library version: 3.3.6
2025.11.23 18:57:25 INFO  no build target found for /Users/egor/airline-fork/airline-data/src/main/scala/com/patson/init/GenericTransitGenerator.scala. Using presentation compiler with project's scala-library version: 3.3.6
2025.11.23 18:57:25 INFO  no build target found for /Users/egor/airline-fork/airline-data/src/main/scala/com/patson/init/GenericTransitGenerator.scala. Using presentation compiler with project's scala-library version: 3.3.6
2025.11.23 18:57:26 INFO  no build target found for /Users/egor/airline-fork/airline-data/src/main/scala/com/patson/init/GenericTransitGenerator.scala. Using presentation compiler with project's scala-library version: 3.3.6
2025.11.23 18:57:25 INFO  no build target found for /Users/egor/airline-fork/airline-data/src/main/scala/com/patson/init/GenericTransitGenerator.scala. Using presentation compiler with project's scala-library version: 3.3.6
2025.11.23 18:57:26 INFO  no build target found for /Users/egor/airline-fork/airline-data/src/main/scala/com/patson/init/GenericTransitGenerator.scala. Using presentation compiler with project's scala-library version: 3.3.6
2025.11.23 18:57:26 INFO  no build target found for /Users/egor/airline-fork/airline-data/src/main/scala/com/patson/init/GenericTransitGenerator.scala. Using presentation compiler with project's scala-library version: 3.3.6
2025.11.23 18:57:26 INFO  no build target found for /Users/egor/airline-fork/airline-data/src/main/scala/com/patson/init/GenericTransitGenerator.scala. Using presentation compiler with project's scala-library version: 3.3.6
2025.11.23 18:57:26 INFO  no build target found for /Users/egor/airline-fork/airline-data/src/main/scala/com/patson/init/GenericTransitGenerator.scala. Using presentation compiler with project's scala-library version: 3.3.6
2025.11.23 18:57:27 INFO  no build target found for /Users/egor/airline-fork/airline-data/src/main/scala/com/patson/init/GenericTransitGenerator.scala. Using presentation compiler with project's scala-library version: 3.3.6
2025.11.23 18:57:27 INFO  no build target found for /Users/egor/airline-fork/airline-data/src/main/scala/com/patson/init/GenericTransitGenerator.scala. Using presentation compiler with project's scala-library version: 3.3.6
2025.11.23 18:57:27 INFO  no build target found for /Users/egor/airline-fork/airline-data/src/main/scala/com/patson/init/GenericTransitGenerator.scala. Using presentation compiler with project's scala-library version: 3.3.6
2025.11.23 18:57:28 INFO  no build target found for /Users/egor/airline-fork/airline-data/src/main/scala/com/patson/init/GenericTransitGenerator.scala. Using presentation compiler with project's scala-library version: 3.3.6
2025.11.23 18:57:28 INFO  no build target found for /Users/egor/airline-fork/airline-data/src/main/scala/com/patson/init/GenericTransitGenerator.scala. Using presentation compiler with project's scala-library version: 3.3.6
2025.11.23 18:57:27 INFO  no build target found for /Users/egor/airline-fork/airline-data/src/main/scala/com/patson/init/GenericTransitGenerator.scala. Using presentation compiler with project's scala-library version: 3.3.6
2025.11.23 18:57:27 INFO  no build target found for /Users/egor/airline-fork/airline-data/src/main/scala/com/patson/init/GenericTransitGenerator.scala. Using presentation compiler with project's scala-library version: 3.3.6
2025.11.23 18:57:28 INFO  no build target found for /Users/egor/airline-fork/airline-data/src/main/scala/com/patson/init/GenericTransitGenerator.scala. Using presentation compiler with project's scala-library version: 3.3.6
2025.11.23 18:57:28 INFO  no build target found for /Users/egor/airline-fork/airline-data/src/main/scala/com/patson/init/GenericTransitGenerator.scala. Using presentation compiler with project's scala-library version: 3.3.6
2025.11.23 18:57:29 INFO  no build target found for /Users/egor/airline-fork/airline-data/src/main/scala/com/patson/init/GenericTransitGenerator.scala. Using presentation compiler with project's scala-library version: 3.3.6
2025.11.23 18:57:29 INFO  no build target found for /Users/egor/airline-fork/airline-data/src/main/scala/com/patson/init/GenericTransitGenerator.scala. Using presentation compiler with project's scala-library version: 3.3.6
2025.11.23 18:57:29 INFO  no build target found for /Users/egor/airline-fork/airline-data/src/main/scala/com/patson/init/GenericTransitGenerator.scala. Using presentation compiler with project's scala-library version: 3.3.6
2025.11.23 18:57:29 INFO  no build target found for /Users/egor/airline-fork/airline-data/src/main/scala/com/patson/init/GenericTransitGenerator.scala. Using presentation compiler with project's scala-library version: 3.3.6
2025.11.23 18:57:30 INFO  no build target found for /Users/egor/airline-fork/airline-data/src/main/scala/com/patson/init/GenericTransitGenerator.scala. Using presentation compiler with project's scala-library version: 3.3.6
2025.11.23 18:57:29 INFO  no build target found for /Users/egor/airline-fork/airline-data/src/main/scala/com/patson/init/GenericTransitGenerator.scala. Using presentation compiler with project's scala-library version: 3.3.6
2025.11.23 18:57:30 INFO  no build target found for /Users/egor/airline-fork/airline-data/src/main/scala/com/patson/init/GenericTransitGenerator.scala. Using presentation compiler with project's scala-library version: 3.3.6
2025.11.23 18:57:30 INFO  no build target found for /Users/egor/airline-fork/airline-data/src/main/scala/com/patson/init/GenericTransitGenerator.scala. Using presentation compiler with project's scala-library version: 3.3.6
2025.11.23 18:57:30 INFO  no build target found for /Users/egor/airline-fork/airline-data/src/main/scala/com/patson/init/GenericTransitGenerator.scala. Using presentation compiler with project's scala-library version: 3.3.6
2025.11.23 18:57:30 INFO  no build target found for /Users/egor/airline-fork/airline-data/src/main/scala/com/patson/init/GenericTransitGenerator.scala. Using presentation compiler with project's scala-library version: 3.3.6
2025.11.23 18:57:30 INFO  no build target found for /Users/egor/airline-fork/airline-data/src/main/scala/com/patson/init/GenericTransitGenerator.scala. Using presentation compiler with project's scala-library version: 3.3.6
2025.11.23 18:57:30 INFO  no build target found for /Users/egor/airline-fork/airline-data/src/main/scala/com/patson/init/GenericTransitGenerator.scala. Using presentation compiler with project's scala-library version: 3.3.6
2025.11.23 18:57:31 INFO  no build target found for /Users/egor/airline-fork/airline-data/src/main/scala/com/patson/init/GenericTransitGenerator.scala. Using presentation compiler with project's scala-library version: 3.3.6
2025.11.23 18:57:30 INFO  no build target found for /Users/egor/airline-fork/airline-data/src/main/scala/com/patson/init/GenericTransitGenerator.scala. Using presentation compiler with project's scala-library version: 3.3.6
2025.11.23 18:57:31 INFO  no build target found for /Users/egor/airline-fork/airline-data/src/main/scala/com/patson/init/GenericTransitGenerator.scala. Using presentation compiler with project's scala-library version: 3.3.6
2025.11.23 18:57:32 INFO  no build target found for /Users/egor/airline-fork/airline-data/src/main/scala/com/patson/init/GenericTransitGenerator.scala. Using presentation compiler with project's scala-library version: 3.3.6
2025.11.23 18:57:32 INFO  no build target found for /Users/egor/airline-fork/airline-data/src/main/scala/com/patson/init/GenericTransitGenerator.scala. Using presentation compiler with project's scala-library version: 3.3.6
2025.11.23 18:57:32 INFO  no build target found for /Users/egor/airline-fork/airline-data/src/main/scala/com/patson/init/GenericTransitGenerator.scala. Using presentation compiler with project's scala-library version: 3.3.6
2025.11.23 18:57:32 INFO  no build target found for /Users/egor/airline-fork/airline-data/src/main/scala/com/patson/init/GenericTransitGenerator.scala. Using presentation compiler with project's scala-library version: 3.3.6
2025.11.23 18:57:32 INFO  no build target found for /Users/egor/airline-fork/airline-data/src/main/scala/com/patson/init/GenericTransitGenerator.scala. Using presentation compiler with project's scala-library version: 3.3.6
2025.11.23 18:57:33 INFO  no build target found for /Users/egor/airline-fork/airline-data/src/main/scala/com/patson/init/GenericTransitGenerator.scala. Using presentation compiler with project's scala-library version: 3.3.6
2025.11.23 18:57:33 INFO  no build target found for /Users/egor/airline-fork/airline-data/src/main/scala/com/patson/init/GenericTransitGenerator.scala. Using presentation compiler with project's scala-library version: 3.3.6
2025.11.23 18:57:32 INFO  no build target found for /Users/egor/airline-fork/airline-data/src/main/scala/com/patson/init/GenericTransitGenerator.scala. Using presentation compiler with project's scala-library version: 3.3.6
2025.11.23 18:57:33 INFO  no build target found for /Users/egor/airline-fork/airline-data/src/main/scala/com/patson/init/GenericTransitGenerator.scala. Using presentation compiler with project's scala-library version: 3.3.6
2025.11.23 18:57:33 INFO  no build target found for /Users/egor/airline-fork/airline-data/src/main/scala/com/patson/init/GenericTransitGenerator.scala. Using presentation compiler with project's scala-library version: 3.3.6
2025.11.23 18:57:33 INFO  no build target found for /Users/egor/airline-fork/airline-data/src/main/scala/com/patson/init/GenericTransitGenerator.scala. Using presentation compiler with project's scala-library version: 3.3.6
2025.11.23 18:57:33 INFO  no build target found for /Users/egor/airline-fork/airline-data/src/main/scala/com/patson/init/GenericTransitGenerator.scala. Using presentation compiler with project's scala-library version: 3.3.6
2025.11.23 18:57:33 INFO  no build target found for /Users/egor/airline-fork/airline-data/src/main/scala/com/patson/init/GenericTransitGenerator.scala. Using presentation compiler with project's scala-library version: 3.3.6
2025.11.23 18:57:33 INFO  no build target found for /Users/egor/airline-fork/airline-data/src/main/scala/com/patson/init/GenericTransitGenerator.scala. Using presentation compiler with project's scala-library version: 3.3.6
2025.11.23 18:57:34 INFO  no build target found for /Users/egor/airline-fork/airline-data/src/main/scala/com/patson/init/GenericTransitGenerator.scala. Using presentation compiler with project's scala-library version: 3.3.6
2025.11.23 18:57:34 INFO  no build target found for /Users/egor/airline-fork/airline-data/src/main/scala/com/patson/init/GenericTransitGenerator.scala. Using presentation compiler with project's scala-library version: 3.3.6
2025.11.23 18:57:35 INFO  no build target found for /Users/egor/airline-fork/airline-data/src/main/scala/com/patson/init/GenericTransitGenerator.scala. Using presentation compiler with project's scala-library version: 3.3.6
2025.11.23 18:57:34 INFO  no build target found for /Users/egor/airline-fork/airline-data/src/main/scala/com/patson/init/GenericTransitGenerator.scala. Using presentation compiler with project's scala-library version: 3.3.6
2025.11.23 18:57:35 INFO  no build target found for /Users/egor/airline-fork/airline-data/src/main/scala/com/patson/init/GenericTransitGenerator.scala. Using presentation compiler with project's scala-library version: 3.3.6
2025.11.23 18:57:35 INFO  no build target found for /Users/egor/airline-fork/airline-data/src/main/scala/com/patson/init/GenericTransitGenerator.scala. Using presentation compiler with project's scala-library version: 3.3.6
2025.11.23 18:57:36 INFO  no build target found for /Users/egor/airline-fork/airline-data/src/main/scala/com/patson/init/GenericTransitGenerator.scala. Using presentation compiler with project's scala-library version: 3.3.6
2025.11.23 18:57:36 INFO  no build target found for /Users/egor/airline-fork/airline-data/src/main/scala/com/patson/init/GenericTransitGenerator.scala. Using presentation compiler with project's scala-library version: 3.3.6
2025.11.23 18:57:36 INFO  no build target found for /Users/egor/airline-fork/airline-data/src/main/scala/com/patson/init/GenericTransitGenerator.scala. Using presentation compiler with project's scala-library version: 3.3.6
2025.11.23 18:57:36 INFO  no build target found for /Users/egor/airline-fork/airline-data/src/main/scala/com/patson/init/GenericTransitGenerator.scala. Using presentation compiler with project's scala-library version: 3.3.6
2025.11.23 18:57:36 INFO  no build target found for /Users/egor/airline-fork/airline-data/src/main/scala/com/patson/init/GenericTransitGenerator.scala. Using presentation compiler with project's scala-library version: 3.3.6
2025.11.23 18:57:37 INFO  no build target found for /Users/egor/airline-fork/airline-data/src/main/scala/com/patson/init/GenericTransitGenerator.scala. Using presentation compiler with project's scala-library version: 3.3.6
2025.11.23 18:57:37 INFO  no build target found for /Users/egor/airline-fork/airline-data/src/main/scala/com/patson/init/GenericTransitGenerator.scala. Using presentation compiler with project's scala-library version: 3.3.6
2025.11.23 18:57:37 INFO  no build target found for /Users/egor/airline-fork/airline-data/src/main/scala/com/patson/init/GenericTransitGenerator.scala. Using presentation compiler with project's scala-library version: 3.3.6
2025.11.23 18:57:37 INFO  no build target found for /Users/egor/airline-fork/airline-data/src/main/scala/com/patson/init/GenericTransitGenerator.scala. Using presentation compiler with project's scala-library version: 3.3.6
2025.11.23 18:57:38 INFO  no build target found for /Users/egor/airline-fork/airline-data/src/main/scala/com/patson/init/GenericTransitGenerator.scala. Using presentation compiler with project's scala-library version: 3.3.6
2025.11.23 18:57:37 INFO  no build target found for /Users/egor/airline-fork/airline-data/src/main/scala/com/patson/init/GenericTransitGenerator.scala. Using presentation compiler with project's scala-library version: 3.3.6
2025.11.23 18:57:38 INFO  no build target found for /Users/egor/airline-fork/airline-data/src/main/scala/com/patson/init/GenericTransitGenerator.scala. Using presentation compiler with project's scala-library version: 3.3.6
2025.11.23 18:57:38 INFO  no build target found for /Users/egor/airline-fork/airline-data/src/main/scala/com/patson/init/GenericTransitGenerator.scala. Using presentation compiler with project's scala-library version: 3.3.6
2025.11.23 18:57:39 INFO  no build target found for /Users/egor/airline-fork/airline-data/src/main/scala/com/patson/init/GenericTransitGenerator.scala. Using presentation compiler with project's scala-library version: 3.3.6
2025.11.23 18:57:38 INFO  no build target found for /Users/egor/airline-fork/airline-data/src/main/scala/com/patson/init/GenericTransitGenerator.scala. Using presentation compiler with project's scala-library version: 3.3.6
2025.11.23 18:57:39 INFO  no build target found for /Users/egor/airline-fork/airline-data/src/main/scala/com/patson/init/GenericTransitGenerator.scala. Using presentation compiler with project's scala-library version: 3.3.6
2025.11.23 18:57:39 INFO  no build target found for /Users/egor/airline-fork/airline-data/src/main/scala/com/patson/init/GenericTransitGenerator.scala. Using presentation compiler with project's scala-library version: 3.3.6
2025.11.23 18:57:39 INFO  no build target found for /Users/egor/airline-fork/airline-data/src/main/scala/com/patson/init/GenericTransitGenerator.scala. Using presentation compiler with project's scala-library version: 3.3.6
2025.11.23 18:57:39 INFO  no build target found for /Users/egor/airline-fork/airline-data/src/main/scala/com/patson/init/GenericTransitGenerator.scala. Using presentation compiler with project's scala-library version: 3.3.6
2025.11.23 18:57:40 INFO  no build target found for /Users/egor/airline-fork/airline-data/src/main/scala/com/patson/init/GenericTransitGenerator.scala. Using presentation compiler with project's scala-library version: 3.3.6
2025.11.23 18:57:40 INFO  no build target found for /Users/egor/airline-fork/airline-data/src/main/scala/com/patson/init/GenericTransitGenerator.scala. Using presentation compiler with project's scala-library version: 3.3.6
2025.11.23 18:57:40 INFO  no build target found for /Users/egor/airline-fork/airline-data/src/main/scala/com/patson/init/GenericTransitGenerator.scala. Using presentation compiler with project's scala-library version: 3.3.6
2025.11.23 18:57:40 INFO  no build target found for /Users/egor/airline-fork/airline-data/src/main/scala/com/patson/init/GenericTransitGenerator.scala. Using presentation compiler with project's scala-library version: 3.3.6
2025.11.23 18:57:40 INFO  no build target found for /Users/egor/airline-fork/airline-data/src/main/scala/com/patson/init/GenericTransitGenerator.scala. Using presentation compiler with project's scala-library version: 3.3.6
2025.11.23 18:57:40 INFO  no build target found for /Users/egor/airline-fork/airline-data/src/main/scala/com/patson/init/GenericTransitGenerator.scala. Using presentation compiler with project's scala-library version: 3.3.6
2025.11.23 18:57:40 INFO  no build target found for /Users/egor/airline-fork/airline-data/src/main/scala/com/patson/init/GenericTransitGenerator.scala. Using presentation compiler with project's scala-library version: 3.3.6
2025.11.23 18:57:41 INFO  no build target found for /Users/egor/airline-fork/airline-data/src/main/scala/com/patson/init/GenericTransitGenerator.scala. Using presentation compiler with project's scala-library version: 3.3.6
2025.11.23 18:57:41 INFO  no build target found for /Users/egor/airline-fork/airline-data/src/main/scala/com/patson/init/GenericTransitGenerator.scala. Using presentation compiler with project's scala-library version: 3.3.6
2025.11.23 18:57:41 INFO  no build target found for /Users/egor/airline-fork/airline-data/src/main/scala/com/patson/init/GenericTransitGenerator.scala. Using presentation compiler with project's scala-library version: 3.3.6
2025.11.23 18:57:41 INFO  no build target found for /Users/egor/airline-fork/airline-data/src/main/scala/com/patson/init/GenericTransitGenerator.scala. Using presentation compiler with project's scala-library version: 3.3.6
2025.11.23 18:57:41 INFO  no build target found for /Users/egor/airline-fork/airline-data/src/main/scala/com/patson/init/GenericTransitGenerator.scala. Using presentation compiler with project's scala-library version: 3.3.6
2025.11.23 18:57:41 INFO  no build target found for /Users/egor/airline-fork/airline-data/src/main/scala/com/patson/init/GenericTransitGenerator.scala. Using presentation compiler with project's scala-library version: 3.3.6
2025.11.23 18:57:43 INFO  no build target found for /Users/egor/airline-fork/airline-data/src/main/scala/com/patson/init/GenericTransitGenerator.scala. Using presentation compiler with project's scala-library version: 3.3.6
2025.11.23 18:57:43 INFO  no build target found for /Users/egor/airline-fork/airline-data/src/main/scala/com/patson/init/GenericTransitGenerator.scala. Using presentation compiler with project's scala-library version: 3.3.6
2025.11.23 18:57:43 INFO  no build target found for /Users/egor/airline-fork/airline-data/src/main/scala/com/patson/init/GenericTransitGenerator.scala. Using presentation compiler with project's scala-library version: 3.3.6
2025.11.23 18:57:43 INFO  no build target found for /Users/egor/airline-fork/airline-data/src/main/scala/com/patson/init/GenericTransitGenerator.scala. Using presentation compiler with project's scala-library version: 3.3.6
2025.11.23 18:57:43 INFO  no build target found for /Users/egor/airline-fork/airline-data/src/main/scala/com/patson/init/GenericTransitGenerator.scala. Using presentation compiler with project's scala-library version: 3.3.6
2025.11.23 18:57:44 INFO  no build target found for /Users/egor/airline-fork/airline-data/src/main/scala/com/patson/init/GenericTransitGenerator.scala. Using presentation compiler with project's scala-library version: 3.3.6
2025.11.23 18:57:44 INFO  no build target found for /Users/egor/airline-fork/airline-data/src/main/scala/com/patson/init/GenericTransitGenerator.scala. Using presentation compiler with project's scala-library version: 3.3.6
2025.11.23 18:57:45 INFO  no build target found for /Users/egor/airline-fork/airline-data/src/main/scala/com/patson/init/GenericTransitGenerator.scala. Using presentation compiler with project's scala-library version: 3.3.6
2025.11.23 18:57:45 INFO  no build target found for /Users/egor/airline-fork/airline-data/src/main/scala/com/patson/init/GenericTransitGenerator.scala. Using presentation compiler with project's scala-library version: 3.3.6
2025.11.23 18:57:45 INFO  no build target found for /Users/egor/airline-fork/airline-data/src/main/scala/com/patson/init/GenericTransitGenerator.scala. Using presentation compiler with project's scala-library version: 3.3.6
2025.11.23 18:57:45 INFO  no build target found for /Users/egor/airline-fork/airline-data/src/main/scala/com/patson/init/GenericTransitGenerator.scala. Using presentation compiler with project's scala-library version: 3.3.6
2025.11.23 18:57:45 INFO  no build target found for /Users/egor/airline-fork/airline-data/src/main/scala/com/patson/init/GenericTransitGenerator.scala. Using presentation compiler with project's scala-library version: 3.3.6
2025.11.23 18:57:45 INFO  no build target found for /Users/egor/airline-fork/airline-data/src/main/scala/com/patson/init/GenericTransitGenerator.scala. Using presentation compiler with project's scala-library version: 3.3.6
2025.11.23 18:57:45 INFO  no build target found for /Users/egor/airline-fork/airline-data/src/main/scala/com/patson/init/GenericTransitGenerator.scala. Using presentation compiler with project's scala-library version: 3.3.6
2025.11.23 18:57:45 INFO  no build target found for /Users/egor/airline-fork/airline-data/src/main/scala/com/patson/init/GenericTransitGenerator.scala. Using presentation compiler with project's scala-library version: 3.3.6
2025.11.23 18:57:47 INFO  no build target found for /Users/egor/airline-fork/airline-data/src/main/scala/com/patson/init/GenericTransitGenerator.scala. Using presentation compiler with project's scala-library version: 3.3.6
2025.11.23 18:57:48 INFO  no build target found for /Users/egor/airline-fork/airline-data/src/main/scala/com/patson/init/GenericTransitGenerator.scala. Using presentation compiler with project's scala-library version: 3.3.6
2025.11.23 18:57:49 INFO  no build target found for /Users/egor/airline-fork/airline-data/src/main/scala/com/patson/init/GenericTransitGenerator.scala. Using presentation compiler with project's scala-library version: 3.3.6
2025.11.23 18:57:49 INFO  no build target found for /Users/egor/airline-fork/airline-data/src/main/scala/com/patson/init/GenericTransitGenerator.scala. Using presentation compiler with project's scala-library version: 3.3.6
2025.11.23 18:57:49 INFO  no build target found for /Users/egor/airline-fork/airline-data/src/main/scala/com/patson/init/GenericTransitGenerator.scala. Using presentation compiler with project's scala-library version: 3.3.6
2025.11.23 18:57:49 INFO  empty definition using pc, found symbol in pc: `<none>`. (full report at: "/Users/egor/airline-fork/.metals/.reports/metals-full/2025-11-23/r_empty-definition_18-56-45-646.md")
2025.11.23 18:57:49 INFO  no build target found for /Users/egor/airline-fork/airline-data/src/main/scala/com/patson/init/GenericTransitGenerator.scala. Using presentation compiler with project's scala-library version: 3.3.6
2025.11.23 18:57:50 INFO  no build target found for /Users/egor/airline-fork/airline-data/src/main/scala/com/patson/init/GenericTransitGenerator.scala. Using presentation compiler with project's scala-library version: 3.3.6
2025.11.23 18:57:50 INFO  no build target found for /Users/egor/airline-fork/airline-data/src/main/scala/com/patson/init/GenericTransitGenerator.scala. Using presentation compiler with project's scala-library version: 3.3.6
2025.11.23 18:57:50 INFO  no build target found for /Users/egor/airline-fork/airline-data/src/main/scala/com/patson/init/GenericTransitGenerator.scala. Using presentation compiler with project's scala-library version: 3.3.6
2025.11.23 18:57:51 INFO  no build target found for /Users/egor/airline-fork/airline-data/src/main/scala/com/patson/init/GenericTransitGenerator.scala. Using presentation compiler with project's scala-library version: 3.3.6
2025.11.23 18:57:51 INFO  no build target found for /Users/egor/airline-fork/airline-data/src/main/scala/com/patson/init/GenericTransitGenerator.scala. Using presentation compiler with project's scala-library version: 3.3.6
2025.11.23 18:57:51 INFO  no build target found for /Users/egor/airline-fork/airline-data/src/main/scala/com/patson/init/GenericTransitGenerator.scala. Using presentation compiler with project's scala-library version: 3.3.6
2025.11.23 18:57:51 INFO  no build target found for /Users/egor/airline-fork/airline-data/src/main/scala/com/patson/init/GenericTransitGenerator.scala. Using presentation compiler with project's scala-library version: 3.3.6
2025.11.23 18:57:52 INFO  no build target found for /Users/egor/airline-fork/airline-data/src/main/scala/com/patson/init/GenericTransitGenerator.scala. Using presentation compiler with project's scala-library version: 3.3.6
2025.11.23 18:57:52 INFO  no build target found for /Users/egor/airline-fork/airline-data/src/main/scala/com/patson/init/GenericTransitGenerator.scala. Using presentation compiler with project's scala-library version: 3.3.6
2025.11.23 18:57:53 INFO  no build target found for /Users/egor/airline-fork/airline-data/src/main/scala/com/patson/init/GenericTransitGenerator.scala. Using presentation compiler with project's scala-library version: 3.3.6
2025.11.23 18:57:53 INFO  no build target found for /Users/egor/airline-fork/airline-data/src/main/scala/com/patson/init/GenericTransitGenerator.scala. Using presentation compiler with project's scala-library version: 3.3.6
2025.11.23 18:57:53 INFO  no build target found for /Users/egor/airline-fork/airline-data/src/main/scala/com/patson/init/GenericTransitGenerator.scala. Using presentation compiler with project's scala-library version: 3.3.6
2025.11.23 18:57:53 INFO  no build target found for /Users/egor/airline-fork/airline-data/src/main/scala/com/patson/init/GenericTransitGenerator.scala. Using presentation compiler with project's scala-library version: 3.3.6
2025.11.23 18:57:53 INFO  no build target found for /Users/egor/airline-fork/airline-data/src/main/scala/com/patson/init/GenericTransitGenerator.scala. Using presentation compiler with project's scala-library version: 3.3.6
2025.11.23 18:57:54 INFO  no build target found for /Users/egor/airline-fork/airline-data/src/main/scala/com/patson/init/GenericTransitGenerator.scala. Using presentation compiler with project's scala-library version: 3.3.6
2025.11.23 18:57:54 INFO  no build target found for /Users/egor/airline-fork/airline-data/src/main/scala/com/patson/init/GenericTransitGenerator.scala. Using presentation compiler with project's scala-library version: 3.3.6
2025.11.23 18:57:54 INFO  no build target found for /Users/egor/airline-fork/airline-data/src/main/scala/com/patson/init/GenericTransitGenerator.scala. Using presentation compiler with project's scala-library version: 3.3.6
2025.11.23 18:57:54 INFO  no build target found for /Users/egor/airline-fork/airline-data/src/main/scala/com/patson/init/GenericTransitGenerator.scala. Using presentation compiler with project's scala-library version: 3.3.6
2025.11.23 18:57:54 INFO  no build target found for /Users/egor/airline-fork/airline-data/src/main/scala/com/patson/init/GenericTransitGenerator.scala. Using presentation compiler with project's scala-library version: 3.3.6
2025.11.23 18:57:54 INFO  no build target found for /Users/egor/airline-fork/airline-data/src/main/scala/com/patson/init/GenericTransitGenerator.scala. Using presentation compiler with project's scala-library version: 3.3.6
2025.11.23 18:57:55 INFO  no build target found for /Users/egor/airline-fork/airline-data/src/main/scala/com/patson/init/GenericTransitGenerator.scala. Using presentation compiler with project's scala-library version: 3.3.6
2025.11.23 18:57:55 INFO  no build target found for /Users/egor/airline-fork/airline-data/src/main/scala/com/patson/init/GenericTransitGenerator.scala. Using presentation compiler with project's scala-library version: 3.3.6
2025.11.23 18:57:58 INFO  no build target found for /Users/egor/airline-fork/airline-data/src/main/scala/com/patson/init/GenericTransitGenerator.scala. Using presentation compiler with project's scala-library version: 3.3.6
2025.11.23 18:57:59 INFO  no build target found for /Users/egor/airline-fork/airline-data/src/main/scala/com/patson/init/GenericTransitGenerator.scala. Using presentation compiler with project's scala-library version: 3.3.6
2025.11.23 18:58:02 INFO  no build target found for /Users/egor/airline-fork/airline-data/src/main/scala/com/patson/init/GenericTransitGenerator.scala. Using presentation compiler with project's scala-library version: 3.3.6
2025.11.23 18:58:03 INFO  no build target found for /Users/egor/airline-fork/airline-data/src/main/scala/com/patson/init/GenericTransitGenerator.scala. Using presentation compiler with project's scala-library version: 3.3.6
2025.11.23 18:58:05 INFO  no build target found for /Users/egor/airline-fork/airline-data/src/main/scala/com/patson/init/GenericTransitGenerator.scala. Using presentation compiler with project's scala-library version: 3.3.6
2025.11.23 18:58:06 INFO  no build target found for /Users/egor/airline-fork/airline-data/src/main/scala/com/patson/init/GenericTransitGenerator.scala. Using presentation compiler with project's scala-library version: 3.3.6
2025.11.23 18:58:06 INFO  no build target found for /Users/egor/airline-fork/airline-data/src/main/scala/com/patson/init/GenericTransitGenerator.scala. Using presentation compiler with project's scala-library version: 3.3.6
2025.11.23 18:58:06 INFO  no build target found for /Users/egor/airline-fork/airline-data/src/main/scala/com/patson/init/GenericTransitGenerator.scala. Using presentation compiler with project's scala-library version: 3.3.6
2025.11.23 18:58:08 INFO  no build target found for /Users/egor/airline-fork/airline-data/src/main/scala/com/patson/init/GenericTransitGenerator.scala. Using presentation compiler with project's scala-library version: 3.3.6
2025.11.23 18:58:10 INFO  no build target found for /Users/egor/airline-fork/airline-data/src/main/scala/com/patson/init/GenericTransitGenerator.scala. Using presentation compiler with project's scala-library version: 3.3.6
2025.11.23 18:58:10 INFO  no build target found for /Users/egor/airline-fork/airline-data/src/main/scala/com/patson/init/GenericTransitGenerator.scala. Using presentation compiler with project's scala-library version: 3.3.6
2025.11.23 18:58:11 INFO  no build target found for /Users/egor/airline-fork/airline-data/src/main/scala/com/patson/init/GenericTransitGenerator.scala. Using presentation compiler with project's scala-library version: 3.3.6
2025.11.23 18:58:14 INFO  no build target found for /Users/egor/airline-fork/airline-data/src/main/scala/com/patson/init/GenericTransitGenerator.scala. Using presentation compiler with project's scala-library version: 3.3.6
2025.11.23 18:58:16 INFO  no build target found for /Users/egor/airline-fork/airline-data/src/main/scala/com/patson/init/GenericTransitGenerator.scala. Using presentation compiler with project's scala-library version: 3.3.6
2025.11.23 18:58:18 INFO  no build target found for /Users/egor/airline-fork/airline-data/src/main/scala/com/patson/init/GenericTransitGenerator.scala. Using presentation compiler with project's scala-library version: 3.3.6
2025.11.23 18:58:20 INFO  no build target found for /Users/egor/airline-fork/airline-data/src/main/scala/com/patson/init/GenericTransitGenerator.scala. Using presentation compiler with project's scala-library version: 3.3.6
2025.11.23 18:58:20 INFO  no build target found for /Users/egor/airline-fork/airline-data/src/main/scala/com/patson/init/GenericTransitGenerator.scala. Using presentation compiler with project's scala-library version: 3.3.6
2025.11.23 18:58:22 INFO  no build target found for /Users/egor/airline-fork/airline-data/src/main/scala/com/patson/init/GenericTransitGenerator.scala. Using presentation compiler with project's scala-library version: 3.3.6
2025.11.23 18:58:22 INFO  no build target found for /Users/egor/airline-fork/airline-data/src/main/scala/com/patson/init/GenericTransitGenerator.scala. Using presentation compiler with project's scala-library version: 3.3.6
2025.11.23 18:58:22 INFO  no build target found for /Users/egor/airline-fork/airline-data/src/main/scala/com/patson/init/GenericTransitGenerator.scala. Using presentation compiler with project's scala-library version: 3.3.6
2025.11.23 18:58:22 INFO  no build target found for /Users/egor/airline-fork/airline-data/src/main/scala/com/patson/init/GenericTransitGenerator.scala. Using presentation compiler with project's scala-library version: 3.3.6
2025.11.23 18:58:22 INFO  no build target found for /Users/egor/airline-fork/airline-data/src/main/scala/com/patson/init/GenericTransitGenerator.scala. Using presentation compiler with project's scala-library version: 3.3.6
2025.11.23 18:58:23 INFO  no build target found for /Users/egor/airline-fork/airline-data/src/main/scala/com/patson/init/GenericTransitGenerator.scala. Using presentation compiler with project's scala-library version: 3.3.6
2025.11.23 18:58:23 INFO  no build target found for /Users/egor/airline-fork/airline-data/src/main/scala/com/patson/init/GenericTransitGenerator.scala. Using presentation compiler with project's scala-library version: 3.3.6
2025.11.23 18:58:23 INFO  no build target found for /Users/egor/airline-fork/airline-data/src/main/scala/com/patson/init/GenericTransitGenerator.scala. Using presentation compiler with project's scala-library version: 3.3.6
2025.11.23 18:58:23 INFO  no build target found for /Users/egor/airline-fork/airline-data/src/main/scala/com/patson/init/GenericTransitGenerator.scala. Using presentation compiler with project's scala-library version: 3.3.6
2025.11.23 18:58:24 INFO  no build target found for /Users/egor/airline-fork/airline-data/src/main/scala/com/patson/init/GenericTransitGenerator.scala. Using presentation compiler with project's scala-library version: 3.3.6
2025.11.23 18:58:23 INFO  no build target found for /Users/egor/airline-fork/airline-data/src/main/scala/com/patson/init/GenericTransitGenerator.scala. Using presentation compiler with project's scala-library version: 3.3.6
2025.11.23 18:58:23 INFO  no build target found for /Users/egor/airline-fork/airline-data/src/main/scala/com/patson/init/GenericTransitGenerator.scala. Using presentation compiler with project's scala-library version: 3.3.6
2025.11.23 18:58:24 INFO  no build target found for /Users/egor/airline-fork/airline-data/src/main/scala/com/patson/init/GenericTransitGenerator.scala. Using presentation compiler with project's scala-library version: 3.3.6
2025.11.23 18:58:24 INFO  no build target found for /Users/egor/airline-fork/airline-data/src/main/scala/com/patson/init/GenericTransitGenerator.scala. Using presentation compiler with project's scala-library version: 3.3.6
2025.11.23 18:58:24 INFO  no build target found for /Users/egor/airline-fork/airline-data/src/main/scala/com/patson/init/GenericTransitGenerator.scala. Using presentation compiler with project's scala-library version: 3.3.6
2025.11.23 18:58:24 INFO  no build target found for /Users/egor/airline-fork/airline-data/src/main/scala/com/patson/init/GenericTransitGenerator.scala. Using presentation compiler with project's scala-library version: 3.3.6
2025.11.23 18:58:25 INFO  no build target found for /Users/egor/airline-fork/airline-data/src/main/scala/com/patson/init/GenericTransitGenerator.scala. Using presentation compiler with project's scala-library version: 3.3.6
2025.11.23 18:58:24 INFO  no build target found for /Users/egor/airline-fork/airline-data/src/main/scala/com/patson/init/GenericTransitGenerator.scala. Using presentation compiler with project's scala-library version: 3.3.6
2025.11.23 18:58:24 INFO  no build target found for /Users/egor/airline-fork/airline-data/src/main/scala/com/patson/init/GenericTransitGenerator.scala. Using presentation compiler with project's scala-library version: 3.3.6
2025.11.23 18:58:25 INFO  no build target found for /Users/egor/airline-fork/airline-data/src/main/scala/com/patson/init/GenericTransitGenerator.scala. Using presentation compiler with project's scala-library version: 3.3.6
2025.11.23 18:58:28 INFO  no build target found for /Users/egor/airline-fork/airline-data/src/main/scala/com/patson/init/GenericTransitGenerator.scala. Using presentation compiler with project's scala-library version: 3.3.6
2025.11.23 18:58:29 INFO  no build target found for /Users/egor/airline-fork/airline-data/src/main/scala/com/patson/init/GenericTransitGenerator.scala. Using presentation compiler with project's scala-library version: 3.3.6
2025.11.23 18:58:31 INFO  no build target found for /Users/egor/airline-fork/airline-data/src/main/scala/com/patson/init/GenericTransitGenerator.scala. Using presentation compiler with project's scala-library version: 3.3.6
2025.11.23 18:58:31 INFO  no build target found for /Users/egor/airline-fork/airline-data/src/main/scala/com/patson/init/GenericTransitGenerator.scala. Using presentation compiler with project's scala-library version: 3.3.6
2025.11.23 18:58:33 INFO  no build target found for /Users/egor/airline-fork/airline-data/src/main/scala/com/patson/init/GenericTransitGenerator.scala. Using presentation compiler with project's scala-library version: 3.3.6
2025.11.23 18:58:33 INFO  no build target found for /Users/egor/airline-fork/airline-data/src/main/scala/com/patson/init/GenericTransitGenerator.scala. Using presentation compiler with project's scala-library version: 3.3.6
2025.11.23 18:58:33 INFO  no build target found for /Users/egor/airline-fork/airline-data/src/main/scala/com/patson/init/GenericTransitGenerator.scala. Using presentation compiler with project's scala-library version: 3.3.6
2025.11.23 18:58:33 INFO  no build target found for /Users/egor/airline-fork/airline-data/src/main/scala/com/patson/init/GenericTransitGenerator.scala. Using presentation compiler with project's scala-library version: 3.3.6
2025.11.23 18:58:33 INFO  no build target found for /Users/egor/airline-fork/airline-data/src/main/scala/com/patson/init/GenericTransitGenerator.scala. Using presentation compiler with project's scala-library version: 3.3.6
2025.11.23 18:58:33 INFO  no build target found for /Users/egor/airline-fork/airline-data/src/main/scala/com/patson/init/GenericTransitGenerator.scala. Using presentation compiler with project's scala-library version: 3.3.6
2025.11.23 18:58:33 INFO  no build target found for /Users/egor/airline-fork/airline-data/src/main/scala/com/patson/init/GenericTransitGenerator.scala. Using presentation compiler with project's scala-library version: 3.3.6
2025.11.23 18:58:39 INFO  no build target found for /Users/egor/airline-fork/airline-data/src/main/scala/com/patson/init/GenericTransitGenerator.scala. Using presentation compiler with project's scala-library version: 3.3.6
2025.11.23 18:58:42 INFO  no build target found for /Users/egor/airline-fork/airline-data/src/main/scala/com/patson/init/GenericTransitGenerator.scala. Using presentation compiler with project's scala-library version: 3.3.6
2025.11.23 18:58:47 INFO  no build target found for /Users/egor/airline-fork/airline-data/src/main/scala/com/patson/init/GenericTransitGenerator.scala. Using presentation compiler with project's scala-library version: 3.3.6
2025.11.23 18:58:47 INFO  no build target found for /Users/egor/airline-fork/airline-data/src/main/scala/com/patson/init/GenericTransitGenerator.scala. Using presentation compiler with project's scala-library version: 3.3.6
2025.11.23 18:58:50 INFO  no build target found for /Users/egor/airline-fork/airline-data/src/main/scala/com/patson/init/GenericTransitGenerator.scala. Using presentation compiler with project's scala-library version: 3.3.6
2025.11.23 18:58:51 INFO  no build target found for /Users/egor/airline-fork/airline-data/src/main/scala/com/patson/init/GenericTransitGenerator.scala. Using presentation compiler with project's scala-library version: 3.3.6
2025.11.23 18:58:55 INFO  no build target found for /Users/egor/airline-fork/airline-data/src/main/scala/com/patson/init/GenericTransitGenerator.scala. Using presentation compiler with project's scala-library version: 3.3.6
2025.11.23 18:58:59 INFO  no build target found for /Users/egor/airline-fork/airline-data/src/main/scala/com/patson/init/GenericTransitGenerator.scala. Using presentation compiler with project's scala-library version: 3.3.6
2025.11.23 18:59:01 INFO  no build target found for /Users/egor/airline-fork/airline-data/src/main/scala/com/patson/init/GenericTransitGenerator.scala. Using presentation compiler with project's scala-library version: 3.3.6
2025.11.23 18:59:01 INFO  no build target found for /Users/egor/airline-fork/airline-data/src/main/scala/com/patson/init/GenericTransitGenerator.scala. Using presentation compiler with project's scala-library version: 3.3.6
2025.11.23 18:59:02 INFO  no build target found for /Users/egor/airline-fork/airline-data/src/main/scala/com/patson/init/GenericTransitGenerator.scala. Using presentation compiler with project's scala-library version: 3.3.6
2025.11.23 18:59:02 INFO  no build target found for /Users/egor/airline-fork/airline-data/src/main/scala/com/patson/init/GenericTransitGenerator.scala. Using presentation compiler with project's scala-library version: 3.3.6
2025.11.23 18:59:06 INFO  no build target found for /Users/egor/airline-fork/airline-data/src/main/scala/com/patson/init/GenericTransitGenerator.scala. Using presentation compiler with project's scala-library version: 3.3.6
2025.11.23 18:59:06 INFO  no build target found for /Users/egor/airline-fork/airline-data/src/main/scala/com/patson/init/GenericTransitGenerator.scala. Using presentation compiler with project's scala-library version: 3.3.6
2025.11.23 18:59:06 INFO  no build target found for /Users/egor/airline-fork/airline-data/src/main/scala/com/patson/init/GenericTransitGenerator.scala. Using presentation compiler with project's scala-library version: 3.3.6
2025.11.23 18:59:06 INFO  no build target found for /Users/egor/airline-fork/airline-data/src/main/scala/com/patson/init/GenericTransitGenerator.scala. Using presentation compiler with project's scala-library version: 3.3.6
2025.11.23 18:59:06 INFO  no build target found for /Users/egor/airline-fork/airline-data/src/main/scala/com/patson/init/GenericTransitGenerator.scala. Using presentation compiler with project's scala-library version: 3.3.6
2025.11.23 18:59:06 INFO  no build target found for /Users/egor/airline-fork/airline-data/src/main/scala/com/patson/init/GenericTransitGenerator.scala. Using presentation compiler with project's scala-library version: 3.3.6
2025.11.23 18:59:06 INFO  no build target found for /Users/egor/airline-fork/airline-data/src/main/scala/com/patson/init/GenericTransitGenerator.scala. Using presentation compiler with project's scala-library version: 3.3.6
2025.11.23 18:59:07 INFO  no build target found for /Users/egor/airline-fork/airline-data/src/main/scala/com/patson/init/GenericTransitGenerator.scala. Using presentation compiler with project's scala-library version: 3.3.6
2025.11.23 18:59:07 INFO  no build target found for /Users/egor/airline-fork/airline-data/src/main/scala/com/patson/init/GenericTransitGenerator.scala. Using presentation compiler with project's scala-library version: 3.3.6
2025.11.23 18:59:07 INFO  no build target found for /Users/egor/airline-fork/airline-data/src/main/scala/com/patson/init/GenericTransitGenerator.scala. Using presentation compiler with project's scala-library version: 3.3.6
2025.11.23 18:59:08 INFO  no build target found for /Users/egor/airline-fork/airline-data/src/main/scala/com/patson/init/GenericTransitGenerator.scala. Using presentation compiler with project's scala-library version: 3.3.6
2025.11.23 18:59:08 INFO  no build target found for /Users/egor/airline-fork/airline-data/src/main/scala/com/patson/init/GenericTransitGenerator.scala. Using presentation compiler with project's scala-library version: 3.3.6
2025.11.23 18:59:08 INFO  no build target found for /Users/egor/airline-fork/airline-data/src/main/scala/com/patson/init/GenericTransitGenerator.scala. Using presentation compiler with project's scala-library version: 3.3.6
2025.11.23 18:59:08 INFO  no build target found for /Users/egor/airline-fork/airline-data/src/main/scala/com/patson/init/GenericTransitGenerator.scala. Using presentation compiler with project's scala-library version: 3.3.6
2025.11.23 18:59:08 INFO  no build target found for /Users/egor/airline-fork/airline-data/src/main/scala/com/patson/init/GenericTransitGenerator.scala. Using presentation compiler with project's scala-library version: 3.3.6
2025.11.23 18:59:08 INFO  no build target found for /Users/egor/airline-fork/airline-data/src/main/scala/com/patson/init/GenericTransitGenerator.scala. Using presentation compiler with project's scala-library version: 3.3.6
2025.11.23 18:59:08 INFO  no build target found for /Users/egor/airline-fork/airline-data/src/main/scala/com/patson/init/GenericTransitGenerator.scala. Using presentation compiler with project's scala-library version: 3.3.6
2025.11.23 18:59:09 INFO  no build target found for /Users/egor/airline-fork/airline-data/src/main/scala/com/patson/init/GenericTransitGenerator.scala. Using presentation compiler with project's scala-library version: 3.3.6
2025.11.23 18:59:08 INFO  no build target found for /Users/egor/airline-fork/airline-data/src/main/scala/com/patson/init/GenericTransitGenerator.scala. Using presentation compiler with project's scala-library version: 3.3.6
2025.11.23 18:59:13 INFO  no build target found for /Users/egor/airline-fork/airline-data/src/main/scala/com/patson/init/GenericTransitGenerator.scala. Using presentation compiler with project's scala-library version: 3.3.6
2025.11.23 18:59:13 INFO  no build target found for /Users/egor/airline-fork/airline-data/src/main/scala/com/patson/init/GenericTransitGenerator.scala. Using presentation compiler with project's scala-library version: 3.3.6
2025.11.23 18:59:15 INFO  no build target found for /Users/egor/airline-fork/airline-data/src/main/scala/com/patson/init/GenericTransitGenerator.scala. Using presentation compiler with project's scala-library version: 3.3.6
2025.11.23 18:59:16 WARN  no build target for: /Users/egor/airline-fork/airline-data/src/main/scala/com/patson/init/GenericTransitGenerator.scala
2025.11.23 18:59:16 INFO  no build target found for /Users/egor/airline-fork/airline-data/src/main/scala/com/patson/init/GenericTransitGenerator.scala. Using presentation compiler with project's scala-library version: 3.3.6
2025.11.23 18:59:40 WARN  no build target for: /Users/egor/airline-fork/airline-data/src/main/scala/com/patson/patch/Issue485ReplaceGenericTransitPatcher.scala
2025.11.23 18:59:40 INFO  no build target found for /Users/egor/airline-fork/airline-data/src/main/scala/com/patson/patch/Issue485ReplaceGenericTransitPatcher.scala. Using presentation compiler with project's scala-library version: 3.3.6
2025.11.23 18:59:40 INFO  no build target found for /Users/egor/airline-fork/airline-data/src/main/scala/com/patson/patch/Issue485ReplaceGenericTransitPatcher.scala. Using presentation compiler with project's scala-library version: 3.3.6
2025.11.23 18:59:40 INFO  no build target found for /Users/egor/airline-fork/airline-data/src/main/scala/com/patson/patch/Issue485ReplaceGenericTransitPatcher.scala. Using presentation compiler with project's scala-library version: 3.3.6
2025.11.23 18:59:40 INFO  no build target found for /Users/egor/airline-fork/airline-data/src/main/scala/com/patson/patch/Issue485ReplaceGenericTransitPatcher.scala. Using presentation compiler with project's scala-library version: 3.3.6
2025.11.23 18:59:40 INFO  no build target found for /Users/egor/airline-fork/airline-data/src/main/scala/com/patson/patch/Issue485ReplaceGenericTransitPatcher.scala. Using presentation compiler with project's scala-library version: 3.3.6
2025.11.23 18:59:40 INFO  no build target found for /Users/egor/airline-fork/airline-data/src/main/scala/com/patson/patch/Issue485ReplaceGenericTransitPatcher.scala. Using presentation compiler with project's scala-library version: 3.3.6
2025.11.23 18:59:41 INFO  no build target found for /Users/egor/airline-fork/airline-data/src/main/scala/com/patson/patch/Issue485ReplaceGenericTransitPatcher.scala. Using presentation compiler with project's scala-library version: 3.3.6
2025.11.23 18:59:41 INFO  no build target found for /Users/egor/airline-fork/airline-data/src/main/scala/com/patson/patch/Issue485ReplaceGenericTransitPatcher.scala. Using presentation compiler with project's scala-library version: 3.3.6
2025.11.23 18:59:41 INFO  no build target found for /Users/egor/airline-fork/airline-data/src/main/scala/com/patson/patch/Issue485ReplaceGenericTransitPatcher.scala. Using presentation compiler with project's scala-library version: 3.3.6
2025.11.23 18:59:43 INFO  no build target found for /Users/egor/airline-fork/airline-data/src/main/scala/com/patson/patch/Issue485ReplaceGenericTransitPatcher.scala. Using presentation compiler with project's scala-library version: 3.3.6
2025.11.23 18:59:43 INFO  no build target found for /Users/egor/airline-fork/airline-data/src/main/scala/com/patson/patch/Issue485ReplaceGenericTransitPatcher.scala. Using presentation compiler with project's scala-library version: 3.3.6
2025.11.23 18:59:43 INFO  no build target found for /Users/egor/airline-fork/airline-data/src/main/scala/com/patson/patch/Issue485ReplaceGenericTransitPatcher.scala. Using presentation compiler with project's scala-library version: 3.3.6
2025.11.23 18:59:43 INFO  no build target found for /Users/egor/airline-fork/airline-data/src/main/scala/com/patson/patch/Issue485ReplaceGenericTransitPatcher.scala. Using presentation compiler with project's scala-library version: 3.3.6
2025.11.23 18:59:43 INFO  no build target found for /Users/egor/airline-fork/airline-data/src/main/scala/com/patson/patch/Issue485ReplaceGenericTransitPatcher.scala. Using presentation compiler with project's scala-library version: 3.3.6
2025.11.23 18:59:45 INFO  no build target found for /Users/egor/airline-fork/airline-data/src/main/scala/com/patson/patch/Issue485ReplaceGenericTransitPatcher.scala. Using presentation compiler with project's scala-library version: 3.3.6
2025.11.23 18:59:45 INFO  no build target found for /Users/egor/airline-fork/airline-data/src/main/scala/com/patson/patch/Issue485ReplaceGenericTransitPatcher.scala. Using presentation compiler with project's scala-library version: 3.3.6
2025.11.23 18:59:45 INFO  no build target found for /Users/egor/airline-fork/airline-data/src/main/scala/com/patson/patch/Issue485ReplaceGenericTransitPatcher.scala. Using presentation compiler with project's scala-library version: 3.3.6
2025.11.23 18:59:45 INFO  no build target found for /Users/egor/airline-fork/airline-data/src/main/scala/com/patson/patch/Issue485ReplaceGenericTransitPatcher.scala. Using presentation compiler with project's scala-library version: 3.3.6
2025.11.23 18:59:45 INFO  no build target found for /Users/egor/airline-fork/airline-data/src/main/scala/com/patson/patch/Issue485ReplaceGenericTransitPatcher.scala. Using presentation compiler with project's scala-library version: 3.3.6
2025.11.23 18:59:45 WARN  no build target for: /Users/egor/airline-fork/airline-data/src/main/scala/com/patson/patch/Issue485ReplaceGenericTransitPatcher.scala
2025.11.23 18:59:46 INFO  no build target found for /Users/egor/airline-fork/airline-data/src/main/scala/com/patson/patch/Issue485ReplaceGenericTransitPatcher.scala. Using presentation compiler with project's scala-library version: 3.3.6
2025.11.23 18:59:46 INFO  no build target found for /Users/egor/airline-fork/airline-data/src/main/scala/com/patson/patch/Issue485ReplaceGenericTransitPatcher.scala. Using presentation compiler with project's scala-library version: 3.3.6
2025.11.23 19:03:26 INFO  no build target found for /Users/egor/airline-fork/airline-data/src/main/scala/com/patson/patch/Issue485ReplaceGenericTransitPatcher.scala. Using presentation compiler with project's scala-library version: 3.3.6
2025.11.23 19:03:26 INFO  no build target found for /Users/egor/airline-fork/airline-data/src/main/scala/com/patson/patch/Issue485ReplaceGenericTransitPatcher.scala. Using presentation compiler with project's scala-library version: 3.3.6
2025.11.23 19:03:27 INFO  no build target found for /Users/egor/airline-fork/airline-data/src/main/scala/com/patson/patch/Issue485ReplaceGenericTransitPatcher.scala. Using presentation compiler with project's scala-library version: 3.3.6
2025.11.23 19:03:27 INFO  no build target found for /Users/egor/airline-fork/airline-data/src/main/scala/com/patson/patch/Issue485ReplaceGenericTransitPatcher.scala. Using presentation compiler with project's scala-library version: 3.3.6
2025.11.23 19:03:29 WARN  no build target for: /Users/egor/airline-fork/airline-data/src/main/scala/com/patson/patch/Issue485ReplaceGenericTransitPatcher.scala
2025.11.23 19:03:29 INFO  no build target found for /Users/egor/airline-fork/airline-data/src/main/scala/com/patson/patch/Issue485ReplaceGenericTransitPatcher.scala. Using presentation compiler with project's scala-library version: 3.3.6
2025.11.23 19:03:29 INFO  no build target found for /Users/egor/airline-fork/airline-data/src/main/scala/com/patson/patch/Issue485ReplaceGenericTransitPatcher.scala. Using presentation compiler with project's scala-library version: 3.3.6
2025.11.23 19:03:30 INFO  no build target found for /Users/egor/airline-fork/airline-data/src/main/scala/com/patson/patch/Issue485ReplaceGenericTransitPatcher.scala. Using presentation compiler with project's scala-library version: 3.3.6
2025.11.23 19:03:30 WARN  no build target for: /Users/egor/airline-fork/airline-data/src/main/scala/com/patson/init/GenericTransitGenerator.scala
2025.11.23 19:03:30 INFO  no build target found for /Users/egor/airline-fork/airline-data/src/main/scala/com/patson/init/GenericTransitGenerator.scala. Using presentation compiler with project's scala-library version: 3.3.6
2025.11.23 19:03:30 INFO  no build target found for /Users/egor/airline-fork/airline-data/src/main/scala/com/patson/init/GenericTransitGenerator.scala. Using presentation compiler with project's scala-library version: 3.3.6
2025.11.23 19:03:30 INFO  no build target found for /Users/egor/airline-fork/airline-data/src/main/scala/com/patson/init/GenericTransitGenerator.scala. Using presentation compiler with project's scala-library version: 3.3.6
Nov 23, 2025 7:03:32 PM org.eclipse.lsp4j.jsonrpc.services.GenericEndpoint notify
INFO: Unsupported notification method: $/setTrace
